Дата публикации,Тип публикации,Публикация,Ссылка на публикацию,Дочитывания и просмотры,Показы,Открытия,Время просмотра в минутах,Комментарии,Подписки,Лайки,Стеллы,Суммарный доход,За время просмотра,Прочее,CTR,CR,ER,RPM,year_month,weekday,hour,month,CTR_clean,CR_clean,ER_clean
2026-09-17 09:44:23.754,Статья,В Самару вернулись Салтыков и Ахметов,https://dzen.ru/media/id/6358cb994fee997bedba5cec/6aaa514ba859423cd30018a4,17,460,29,0,0,1,0,0,,,,0.06304347826086956,0.5862068965517241,0.0,,2026-09,Thursday,9,9,0.06304347826086956,0.5862068965517241,0.0
2026-09-16 09:10:52.135,Статья,Акрон укрепил атаку в последний день трансферного окна - Трансферы РПЛ,https://dzen.ru/media/id/6358cb994fee997bedba5cec/6aa92cbba4af3e4d6493c8f2,7492,75303,12654,0,1,27,25,0,,,,0.16804111389984464,0.5920657499604868,0.0034703683929524828,,2026-09,Wednesday,9,9,0.16804111389984464,0.5920657499604868,0.0034703683929524828
2026-09-15 10:12:00.401,Статья,Интересный факты восьмого тура РПЛ,https://dzen.ru/media/id/6358cb994fee997bedba5cec/6aa7e030de525e75790bc6d8,2136,48779,3649,897,1,4,8,0,43.81,43.78,0.0,0.07480678160683901,0.5853658536585366,0.004213483146067416,20.510299625468168,2026-09,Tuesday,10,9,0.07480678160683901,0.5853658536585366,0.004213483146067416
2026-09-14 11:12:30.350,Статья,Новый вингер в Динамо / Родина подписала игрока сборной Колумбии - Трансферы РПЛ,https://dzen.ru/media/id/6358cb994fee997bedba5cec/6aa7a47cafd5287dd418a2a8,6235,59449,9223,4045,4,17,32,0,197.61,196.81,0.0,0.1551413816885061,0.6760273229968556,0.005773857257417803,31.693664795509225,2026-09,Monday,11,9,0.1551413816885061,0.6760273229968556,0.005773857257417803
2026-09-13 13:20:00.007,Статья,Хлусевич перешел в Ростов / Бабаев поехал в аренду в Рубин - Трансферы РПЛ,https://dzen.ru/media/id/6358cb994fee997bedba5cec/6aa672d89e713b44ffe1671c,3132,55300,4241,1567,0,9,8,0,76.57,76.38,0.0,0.07669077757685352,0.7385050695590663,0.002554278416347382,24.447637292464876,2026-09,Sunday,13,9,0.07669077757685352,0.7385050695590663,0.002554278416347382
2026-09-12 09:10:50.457,Статья,УЕФА впервые с 2022 года зарезервировал квоты для участие в еврокубках,https://dzen.ru/media/id/6358cb994fee997bedba5cec/6aa3c4221d611576aae74bf3,987,33355,1835,548,2,3,14,0,26.77,26.73,0.0,0.05501424074351671,0.5378746594005449,0.016210739614994935,27.1225937183384,2026-09,Saturday,9,9,0.05501424074351671,0.5378746594005449,0.016210739614994935
2026-09-11 12:04:10.998,Статья,Итог трансферной компании - Спартак не успел подписать Самородова,https://dzen.ru/media/id/6358cb994fee997bedba5cec/6aa3b33d52be1f6636b809c5,1186,6565,1608,436,4,1,19,0,21.310000000000002,21.26,0.0,0.24493526275704494,0.7375621890547264,0.0193929173693086,17.967959527824622,2026-09,Friday,12,9,0.24493526275704494,0.7375621890547264,0.0193929173693086
2026-09-10 12:38:15.975,Статья,"Спартак и Головин, будет ли трансфер?",https://dzen.ru/media/id/6358cb994fee997bedba5cec/6aa2735ba710e26cc855d729,14108,112097,17698,11056,36,56,77,0,540.15,538.1,0.0,0.15788112081500844,0.7971522205898972,0.008009639920612419,38.286787638219444,2026-09,Thursday,12,9,0.15788112081500844,0.7971522205898972,0.008009639920612419
2026-09-09 12:28:34.021,Статья,Рубин нашел замену Даку / Оренбург покупает французского нападающего - Трансферы РПЛ,https://dzen.ru/media/id/6358cb994fee997bedba5cec/6aa11fe4c363c374e6802ba5,6376,65074,8487,3645,2,13,35,0,178.07999999999998,177.54,0.0,0.1304207517595353,0.7512666431012136,0.0058030112923462985,27.929736511919696,2026-09,Wednesday,12,9,0.1304207517595353,0.7512666431012136,0.0058030112923462985
2026-09-08 12:39:12.735,Статья,Иван Олейников переходит в ЦСКА / Бекао возвращается в РПЛ - Трансферы РПЛ,https://dzen.ru/media/id/6358cb994fee997bedba5cec/6a9fce69f7d12b1a2a17e47b,17030,99158,20366,11716,29,37,88,0,572.39,570.06,0.0,0.20538937856753867,0.8361975842089757,0.006870229007633588,33.61068702290076,2026-09,Tuesday,12,9,0.20538937856753867,0.8361975842089757,0.006870229007633588
2026-09-07 11:32:58.054,Статья,Голенков переходит в Балтику / Спартак упустил вратаря Сочи - Трансферы РПЛ,https://dzen.ru/media/id/6358cb994fee997bedba5cec/6a9e6aeb065af70a33deb0a3,22952,136967,27652,14898,17,49,94,0,727.84,725.34,0.0,0.20188804602568503,0.8300303775495443,0.004836179853607529,31.711397699546882,2026-09,Monday,11,9,0.20188804602568503,0.8300303775495443,0.004836179853607529
2026-09-06 15:18:10.182,Статья,Спартак предложил 10 млн евро за игрока сборной Мексики / Олейников определился с клубом - Трансферы РПЛ,https://dzen.ru/media/id/6358cb994fee997bedba5cec/6a9d2089b6339503da2540d3,10312,75503,15117,6196,77,40,77,0,302.69,301.73,0.0,0.20021720991218891,0.682145928424952,0.014934057408844065,29.353180760279287,2026-09,Sunday,15,9,0.20021720991218891,0.682145928424952,0.014934057408844065
2026-09-05 14:10:14.121,Статья,Дебют Батракова в старте / Сафонов против Головина - Наши топ игроки в Европе,https://dzen.ru/media/id/6358cb994fee997bedba5cec/6a9bf156af28500237676b7e,9656,136945,12674,4496,6,25,17,0,219.67,219.67,0.0,0.09254810325313081,0.7618747041186681,0.0023819386909693457,22.749585749792875,2026-09,Saturday,14,9,0.09254810325313081,0.7618747041186681,0.0023819386909693457
2026-09-04 11:30:33.969,Статья,Краснодар нашел замену Диего Косте / Динамо хочет подписать опорника - Трансферы РПЛ,https://dzen.ru/media/id/6358cb994fee997bedba5cec/6a9a75efda78be50490beb2b,5882,51563,7936,4657,3,17,27,0,227.53,226.48,0.0,0.15390881058123074,0.741179435483871,0.0051003060183611015,38.682420945256716,2026-09,Friday,11,9,0.15390881058123074,0.741179435483871,0.0051003060183611015
2026-09-03 13:34:56.783,Статья,Карраскаль может вернутся в Россию / Зенит хочет купить Головина - Трансферы РПЛ,https://dzen.ru/media/id/6358cb994fee997bedba5cec/6a992c511a234943695d5a0c,1352,19441,1722,552,4,4,9,0,26.95,25.32,0.0,0.08857569055089759,0.7851335656213705,0.009615384615384616,19.933431952662723,2026-09,Thursday,13,9,0.08857569055089759,0.7851335656213705,0.009615384615384616
2026-09-02 12:21:34.058,Статья,Динамо снова выходит на трансферный рынок / Игрок Зенита выступит в Лиге Чемпионов - Трансферы РПЛ,https://dzen.ru/media/id/6358cb994fee997bedba5cec/6a97d680a473f256e79dfcd8,5654,54873,7712,3321,9,15,26,0,162.23999999999998,160.82,0.0,0.14054270770688682,0.7331431535269709,0.006190307746727981,28.694729395118497,2026-09,Wednesday,12,9,0.14054270770688682,0.7331431535269709,0.006190307746727981
2026-09-01 11:32:33.630,Статья,Мостовой определилися с клубом / Акрон покупает игрока сборной Армении - Трансферы РПЛ,https://dzen.ru/media/id/6358cb994fee997bedba5cec/6a968717506b0a2bee6b0948,33322,266000,47904,18982,62,83,127,0,927.37,919.36,0.0,0.18009022556390977,0.6955995323981295,0.00567192845567493,27.830562391213014,2026-09,Tuesday,11,9,0.18009022556390977,0.6955995323981295,0.00567192845567493
2026-08-31 13:13:48.390,Статья,ЦСКА покупает вингера / Луис Энрике покинет Зенит - Трансферы РПЛ,https://dzen.ru/media/id/6358cb994fee997bedba5cec/6a953da274fe4757e916810c,12084,113879,16498,8378,11,27,53,0,409.29999999999995,406.28,0.0,0.14487306702728334,0.7324524184749667,0.005296259516716319,33.87123469049983,2026-08,Monday,13,8,0.14487306702728334,0.7324524184749667,0.005296259516716319
2026-08-29 22:16:34.163,Статья,Защитник покидает Краснодар \ ЦСКА покупает Аззи из Динамо Махачкала - Трансферы РПЛ,https://dzen.ru/media/id/6358cb994fee997bedba5cec/6a93248e74fe4757e9294cf1,40441,359720,58292,24080,22,79,115,0,1176.47,1173.56,0.0,0.16204825975758924,0.6937658683867426,0.003387651146114092,29.09102148809377,2026-08,Saturday,22,8,0.16204825975758924,0.6937658683867426,0.003387651146114092
2026-08-28 13:45:49.936,Статья,Кокшаров переходит в Факел / в Родину приехал французский защитник - Трансферы РПЛ,https://dzen.ru/media/id/6358cb994fee997bedba5cec/6a915382b550ae50d76f0fc7,9821,108817,11431,6505,7,18,44,0,317.8,315.23,0.0,0.10504792449709145,0.8591549295774648,0.005192953874350881,32.3592302209551,2026-08,Friday,13,8,0.10504792449709145,0.8591549295774648,0.005192953874350881
2026-08-27 11:30:25.483,Статья,Динамо покупает двух игроков в атаку / Факел подписал бразильца Клэйтона - Трансферы РПЛ,https://dzen.ru/media/id/6358cb994fee997bedba5cec/6a8fe8c93487551d70257e17,10206,81973,12859,6346,28,25,69,0,310.02000000000004,309.3,0.0,0.1568687250680102,0.793685356559608,0.009504213207916912,30.37624926513816,2026-08,Thursday,11,8,0.1568687250680102,0.793685356559608,0.009504213207916912
2026-08-26 10:01:47.326,Статья,Главные выводы после 5 туров РПЛ,https://dzen.ru/media/id/6358cb994fee997bedba5cec/6a8d512cffe35a5acc443169,14936,242917,21259,14125,22,55,105,0,690.09,688.47,0.0,0.0875154888295179,0.7025730278940684,0.008502945902517408,46.20313336904124,2026-08,Wednesday,10,8,0.0875154888295179,0.7025730278940684,0.008502945902517408
2026-08-25 11:21:54.868,Статья,"Краснодар берет еще одного бразильского защитника, которому 30 лет / Олейников переходит в Рубин - Трансферы РПЛ",https://dzen.ru/media/id/6358cb994fee997bedba5cec/6a8d45f423e63943c2cd736c,6738,78843,9089,5045,5,19,24,0,246.49,244.18,0.0,0.11527973314054514,0.7413356804929035,0.0043039477589789255,36.58207183140398,2026-08,Tuesday,11,8,0.11527973314054514,0.7413356804929035,0.0043039477589789255
2026-08-24 12:17:37.309,Статья,Спартак присматривается к Ромуло / ЦСКА интересен нападающий Аль-Джазиры - Трансферы РПЛ,https://dzen.ru/media/id/6358cb994fee997bedba5cec/6a8bf6de23e63943c293af18,17198,145605,26562,11532,17,33,61,0,563.4300000000001,560.96,0.0,0.18242505408468115,0.6474663052480988,0.004535411094313292,32.76136760088383,2026-08,Monday,12,8,0.18242505408468115,0.6474663052480988,0.004535411094313292
2026-08-23 13:42:39.858,Статья,Динамо предлагает 7 млн евро за бризльского вингера / Локомотиву интересен игрок Балтики - Трансферы РПЛ,https://dzen.ru/media/id/6358cb994fee997bedba5cec/6a8a8e4e393b894246fb228f,3002,49847,4403,1680,8,17,21,0,82.06,81.86,0.0,0.0883302906895099,0.6818078582784465,0.009660226515656229,27.335109926715525,2026-08,Sunday,13,8,0.0883302906895099,0.6818078582784465,0.009660226515656229
2026-08-21 13:11:53.948,Статья,Онугха вернулся в Россию / Новый нападающий в Крыльях - Трансферы РПЛ,https://dzen.ru/media/id/6358cb994fee997bedba5cec/6a881a0ba22f2c2b92c764d2,3000,46485,3913,2059,5,5,8,0,100.57,99.83,0.0,0.08417769172851458,0.7666751852798365,0.004333333333333333,33.523333333333326,2026-08,Friday,13,8,0.08417769172851458,0.7666751852798365,0.004333333333333333
2026-08-20 14:20:34.579,Статья,Краснодар хочет купить бразильца из Фламенго / Балтика продает защитника в Болонью - Трансферы РПЛ,https://dzen.ru/media/id/6358cb994fee997bedba5cec/6a86dc6f05fcb91b2d959118,9460,103271,13451,6343,9,29,51,0,309.90000000000003,309.18,0.0,0.13024953762430885,0.7032934354323098,0.006342494714587738,32.75898520084567,2026-08,Thursday,14,8,0.13024953762430885,0.7032934354323098,0.006342494714587738
2026-08-19 13:42:56.819,Статья,Варианты нападающих для Локомотива - Трансферы РПЛ,https://dzen.ru/media/id/6358cb994fee997bedba5cec/6a857c8b1f511f6ea8755bc6,17931,177190,21379,11399,32,48,56,0,556.9200000000001,554.23,0.0,0.12065579321632146,0.8387202394873474,0.00490770174558028,31.05905972896102,2026-08,Wednesday,13,8,0.12065579321632146,0.8387202394873474,0.00490770174558028
2026-08-18 12:19:49.253,Статья,Бабкин вернется в Локомотив / Рубин нашел замену Даку - Трансферы РПЛ,https://dzen.ru/media/id/6358cb994fee997bedba5cec/6a841a05bc2e5d247c02c82a,19765,208979,25053,14022,12,44,69,0,685.0600000000001,682.95,0.0,0.11988285904325315,0.7889274737556381,0.00409815330129016,34.66025803187453,2026-08,Tuesday,12,8,0.11988285904325315,0.7889274737556381,0.00409815330129016
2026-08-17 13:27:16.757,Статья,Динамо хочет подписать игрока сборной Чили / Чесноков переходит в Крылья Советов - Трансферы РПЛ,https://dzen.ru/media/id/6358cb994fee997bedba5cec/6a82d9b05eaac11ce96539fb,6412,82802,8382,3892,3,12,39,0,190.17000000000002,189.55,0.0,0.10122943890244197,0.7649725602481507,0.006550218340611353,29.658452900810982,2026-08,Monday,13,8,0.10122943890244197,0.7649725602481507,0.006550218340611353
2026-08-16 03:14:49.590,Статья,Тикнизян сменил команду в Европе / Зенит покинули два защитника - Трансферы РПЛ,https://dzen.ru/media/id/6358cb994fee997bedba5cec/6a80f6fdf4a51b1a321e5e3f,31334,283022,40395,16589,30,77,139,0,810.4699999999999,808.16,0.0,0.14272742048321332,0.7756900606510707,0.005393502265909236,25.865513499712772,2026-08,Sunday,3,8,0.14272742048321332,0.7756900606510707,0.005393502265909236
2026-08-14 15:27:36.394,Статья,Батраков хочет в Турцию / Мостовой может покинуть Зенит - Трансферы и новости РПЛ,https://dzen.ru/media/id/6358cb994fee997bedba5cec/6a7efdbd38aa335ffa48079c,893,8292,1109,249,3,2,8,0,12.16,12.08,0.0,0.13374336710082008,0.8052299368800722,0.012318029115341545,13.617021276595745,2026-08,Friday,15,8,0.13374336710082008,0.8052299368800722,0.012318029115341545
2026-08-13 13:45:38.241,Статья,Главные кандидаты на усиление в атаку Спартака,https://dzen.ru/media/id/6358cb994fee997bedba5cec/6a7d9311d73a9764e5365400,30855,382258,45563,25036,63,113,198,0,1223.15,1214.02,0.0,0.11919436610875378,0.677194214603955,0.008458920758386,39.64187327823692,2026-08,Thursday,13,8,0.11919436610875378,0.677194214603955,0.008458920758386
2026-08-12 11:27:21.612,Статья,Главная проблема Спартака будет решена? Дркушич покидает Зенит - Трансферы РПЛ,https://dzen.ru/media/id/6358cb994fee997bedba5cec/6a7c253a029aa7747a8e7004,23773,80261,28492,8014,43,54,137,0,391.53999999999996,389.9,0.0,0.35499183912485516,0.8343745612803594,0.007571614857190931,16.46994489546965,2026-08,Wednesday,11,8,0.35499183912485516,0.8343745612803594,0.007571614857190931
2026-08-11 17:09:07.202,Статья,Маухуб ушел из Динамо / Еще один россиянин в Европе - Трансферы РПЛ,https://dzen.ru/media/id/6358cb994fee997bedba5cec/6a7add53dc95d4425fe0f016,11228,134146,16187,5936,17,27,41,0,290.01,289.77,0.0,0.12066703442517854,0.6936430468894792,0.005165657285358034,25.829177057356606,2026-08,Tuesday,17,8,0.12066703442517854,0.6936430468894792,0.005165657285358034
2026-08-10 14:07:33.081,Статья,Луис Энрике может покинуть Зенит / Защитник в Факеле - Трансферы РПЛ,https://dzen.ru/media/id/6358cb994fee997bedba5cec/6a75966a8e808e0adf1d360a,6196,80288,8690,3772,8,18,31,0,184.25,183.91,0.0,0.10823535273017139,0.7130034522439586,0.006294383473208522,29.73692704970949,2026-08,Monday,14,8,0.10823535273017139,0.7130034522439586,0.006294383473208522
2026-08-05 12:26:32.056,Статья,Батраков может перейти в Галатасарай / Опорник Зенита перешел в Оренбург - Трансферы РПЛ,https://dzen.ru/media/id/6358cb994fee997bedba5cec/6a72f7033d8d350faa823e6e,762,33840,1222,495,8,4,11,0,24.19,24.17,0.0,0.03611111111111111,0.6235679214402619,0.024934383202099737,31.745406824146983,2026-08,Wednesday,12,8,0.03611111111111111,0.6235679214402619,0.024934383202099737
2026-08-04 14:16:50.408,Статья,Леонид Слуцкий покинул Шанхай / ЦСКА вышел из переговоров по Жуану - Новости РПЛ,https://dzen.ru/media/id/6358cb994fee997bedba5cec/6a71c1937d5d8652f124351c,4656,103411,7295,2256,6,13,14,0,110.19,109.02,0.0,0.07054375259885312,0.638245373543523,0.00429553264604811,23.66623711340206,2026-08,Tuesday,14,8,0.07054375259885312,0.638245373543523,0.00429553264604811
2026-08-03 12:42:25.184,Статья,Ливай Гарсия нашел себе команду / Балтика купила французского защитника - Трансферы РПЛ,https://dzen.ru/media/id/6358cb994fee997bedba5cec/6a705996fad4763cdb231573,16720,157820,22174,10266,16,41,68,0,501.56,499.4,0.0,0.14050183753643392,0.7540362586813385,0.005023923444976076,29.997607655502392,2026-08,Monday,12,8,0.14050183753643392,0.7540362586813385,0.005023923444976076
2026-08-02 15:22:33.380,Статья,Даку переходит в Спартак / из Краснодара ушел вингер - Трансферы РПЛ,https://dzen.ru/media/id/6358cb994fee997bedba5cec/6a6ef30045104510f9e79f8a,17687,341246,23040,9170,28,57,86,0,447.97999999999996,446.39,0.0,0.06751727492776471,0.7676649305555555,0.006445411884434896,25.32820715779951,2026-08,Sunday,15,8,0.06751727492776471,0.7676649305555555,0.006445411884434896
2026-07-31 12:16:27.824,Статья,"ЦСКА нашел нападающего, а Зенит заменит опорника / Трансферы РПЛ",https://dzen.ru/media/id/6358cb994fee997bedba5cec/6a6c5ff4a52c4438aa79ed49,36252,332823,43645,28254,56,99,148,0,1380.3700000000001,1370.65,0.0,0.1311357688621279,0.8306106083171039,0.005627275736511089,38.077071609842214,2026-07,Friday,12,7,0.1311357688621279,0.8306106083171039,0.005627275736511089
2026-07-30 17:05:51.136,Статья,Спартак ищет нападающего,https://dzen.ru/media/id/6358cb994fee997bedba5cec/6a6b47178881aa29b39ebb5b,14000,198036,17339,11591,38,47,76,0,566.29,563.88,0.0,0.0875547880183401,0.8074283407347598,0.008142857142857143,40.44928571428571,2026-07,Thursday,17,7,0.0875547880183401,0.8074283407347598,0.008142857142857143
2026-07-28 12:42:57.977,Статья,В РПЛ новая схема покупки игроков,https://dzen.ru/media/id/6358cb994fee997bedba5cec/6a6876b4f3310a4744de564d,29262,285621,37287,16151,79,108,102,0,789.0799999999999,787.78,0.0,0.13054712363586712,0.7847775364067906,0.006185496548424578,26.966031030004782,2026-07,Tuesday,12,7,0.13054712363586712,0.7847775364067906,0.006185496548424578
2026-07-27 12:08:47.220,Статья,Лучший перфоманс первого тура РПЛ,https://dzen.ru/media/id/6358cb994fee997bedba5cec/6a671b3663038b47469a3218,197,5008,308,99,1,0,2,0,4.819999999999999,4.8,0.0,0.06150159744408946,0.6396103896103896,0.015228426395939087,24.467005076142126,2026-07,Monday,12,7,0.06150159744408946,0.6396103896103896,0.015228426395939087
2026-07-24 15:28:57.863,Статья,Мохеби покинул Ростов / Первый француз в Оренбурге / Молодой защитник Зенита переходит в Факел - Трансферы РПЛ,https://dzen.ru/media/id/6358cb994fee997bedba5cec/6a634c315ea2b41354c3bdcc,11504,156673,15707,5792,22,39,34,0,282.95,281.78,0.0,0.10025339401173144,0.732412300248297,0.004867872044506259,24.595792767732963,2026-07,Friday,15,7,0.10025339401173144,0.732412300248297,0.004867872044506259
2026-07-23 12:23:39.618,Статья,Спартак подал протест в КДК с требованием переигровки игры за Суперкубок России,https://dzen.ru/media/id/6358cb994fee997bedba5cec/6a61d21ad3b4497eaee7054e,2637,165694,7723,661,113,53,121,0,32.300000000000004,32.27,0.0,0.04661001605368933,0.3414476239803185,0.08873720136518772,12.24876753886993,2026-07,Thursday,12,7,0.04661001605368933,0.3414476239803185,0.08873720136518772
2026-07-22 12:19:25.666,Статья,Сколько продержится Игдисамов?,https://dzen.ru/media/id/6358cb994fee997bedba5cec/6a60819a00426c1e292176d8,1757,16542,2285,909,29,6,15,0,44.43,44.05,0.0,0.13813323660984161,0.7689277899343545,0.02504268639726807,25.28742174160501,2026-07,Wednesday,12,7,0.13813323660984161,0.7689277899343545,0.02504268639726807
2026-07-20 17:38:32.792,Статья,Еще один испанец в РПЛ / Новый вингер в Акроне / Олусегун покинул Краснодар - Трансферы РПЛ,https://dzen.ru/media/id/6358cb994fee997bedba5cec/6a5e2c29a803da686754280e,4141,85646,5307,2765,2,11,14,0,135.08,135.0,0.0,0.06196436494407211,0.7802901827774638,0.003863801014247766,32.62014006278677,2026-07,Monday,17,7,0.06196436494407211,0.7802901827774638,0.003863801014247766
2026-07-16 11:35:57.749,Статья,"Воробьев выбрал Краснодар, а не Спартак / Греческий защитник в Факеле - Трансферы РПЛ",https://dzen.ru/media/id/6358cb994fee997bedba5cec/6a589197fb181a1669a65dcb,37566,697975,53010,20906,65,115,112,0,1021.39,1019.33,0.0,0.07594827894981912,0.7086587436332767,0.004711707394984827,27.189213650641538,2026-07,Thursday,11,7,0.07594827894981912,0.7086587436332767,0.004711707394984827
2026-07-15 14:09:18.151,Статья,Железнов в Акроне / два колумбийца перешли в Оренбург - Трансферы РПЛ,https://dzen.ru/media/id/6358cb994fee997bedba5cec/6a575f4924f2c05c5396826d,2617,85335,3763,1538,0,5,17,0,75.12,75.0,0.0,0.044096794984472956,0.695455753388254,0.006495987772258311,28.70462361482614,2026-07,Wednesday,14,7,0.044096794984472956,0.695455753388254,0.006495987772258311
2026-07-13 13:56:04.170,Статья,Сутормин переходит в Факел / Опорник в Ахмате / Бразилец в Краснодаре - Трансферы РПЛ,https://dzen.ru/media/id/6358cb994fee997bedba5cec/6a54bb761162160a75203992,12964,207093,16536,8355,21,38,46,0,408.19,405.98,0.0,0.07984818414915038,0.7839864537977745,0.005168157975933354,31.486423943227397,2026-07,Monday,13,7,0.07984818414915038,0.7839864537977745,0.005168157975933354
2026-07-10 12:11:55.334,Статья,В ЦСКА новый вратарь / Балтика укрепляет защиту - Трансферы РПЛ,https://dzen.ru/media/id/6358cb994fee997bedba5cec/6a50afa91162160a751ef59f,35317,720054,44023,23701,71,109,132,0,1157.92,1138.95,0.0,0.06113847017029278,0.8022397383186062,0.0057479400855112266,32.78647676756236,2026-07,Friday,12,7,0.06113847017029278,0.8022397383186062,0.0057479400855112266
2026-07-09 12:23:30.267,Статья,Самошников в Рубине / Оренбург подписал молодого аргентинца - Трансферы РПЛ,https://dzen.ru/media/id/6358cb994fee997bedba5cec/6a4f4ff263598c4c047526e1,4282,112565,5864,2630,1,9,23,0,128.5,128.15,0.0,0.052094345489272866,0.730218281036835,0.005604857543204111,30.009341429238674,2026-07,Thursday,12,7,0.052094345489272866,0.730218281036835,0.005604857543204111
2026-07-03 14:14:20.211,Статья,Спартак покупает испанца в защиту / Магомед Оздоев возвращается - Трансферы РПЛ,https://dzen.ru/media/id/6358cb994fee997bedba5cec/6a478c0798fe8b6afe736678,19718,457927,28264,11358,19,59,81,0,554.9200000000001,551.94,0.0,0.061721628119765816,0.6976365694876875,0.005071508266558475,28.142813672786293,2026-07,Friday,14,7,0.061721628119765816,0.6976365694876875,0.005071508266558475
2026-07-01 12:04:19.291,Статья,Аугусто в Зените / Сперцян все ближе к Аль-Ахли / Возвращение Макарова - Трансферы РПЛ,https://dzen.ru/media/id/6358cb994fee997bedba5cec/6a43ca6a7410f47f50e68b56,2828,93967,3838,1866,9,5,10,0,91.18,91.0,0.0,0.04084412612938585,0.7368421052631579,0.006718528995756719,32.24186704384724,2026-07,Wednesday,12,7,0.04084412612938585,0.7368421052631579,0.006718528995756719
2026-06-29 14:35:41.161,Статья,Игрок сборной Узбекистана интересен клубу РПЛ / В сборной России может появится новый легионер - Трансферы и новости РПЛ,https://dzen.ru/media/id/6358cb994fee997bedba5cec/6a421f86310a142c4526ded6,11623,281933,16150,6209,11,27,43,0,303.34999999999997,299.78,0.0,0.057283113363813386,0.7196904024767802,0.004645960595371246,26.099113826034586,2026-06,Monday,14,6,0.057283113363813386,0.7196904024767802,0.004645960595371246
2026-06-26 13:18:00.888,Статья,"Краснодар укрепляет состав, а Ростов теряет ключевых игроков - Трансферы РПЛ",https://dzen.ru/media/id/6358cb994fee997bedba5cec/6a3e39cd31100f4a244c81ee,24741,705149,30419,11936,29,44,101,0,583.14,573.92,0.0,0.043138400536624176,0.8133403464939676,0.005254435956509438,23.569782951376258,2026-06,Friday,13,6,0.043138400536624176,0.8133403464939676,0.005254435956509438
2026-06-24 12:34:48.016,Статья,Три новых трансфера Локомотива - Трансферы РПЛ,https://dzen.ru/media/id/6358cb994fee997bedba5cec/6a3b9649484b34015085079d,39466,845113,49730,23614,53,85,128,0,1153.74,1142.99,0.0,0.05884420189962762,0.7936054695354916,0.004586226118684437,29.23377084072366,2026-06,Wednesday,12,6,0.05884420189962762,0.7936054695354916,0.004586226118684437
2026-06-22 15:08:17.290,Статья,Баринов интересен АЕКу / Угальде может уехать в Испанию / Спартаку интересен Даку - ТРАНСФЕРЫ РПЛ,https://dzen.ru/media/id/6358cb994fee997bedba5cec/6a391f0e960b431dedf86ebe,14880,323095,19660,10051,20,42,70,0,491.08000000000004,489.79,0.0,0.06084897630727804,0.7568667344862665,0.006048387096774193,33.002688172043015,2026-06,Monday,15,6,0.06084897630727804,0.7568667344862665,0.006048387096774193
2026-06-19 13:55:16.842,Статья,Уткин может уехать в Европу / Усиление в Крыльях - Трансферы и новости РПЛ,https://dzen.ru/media/id/6358cb994fee997bedba5cec/6a3515fdb20c66082526271c,13343,306693,17548,8700,15,54,75,0,425.07,422.25,0.0,0.05721682594646764,0.7603715523136539,0.006745109795398337,31.85715356366634,2026-06,Friday,13,6,0.05721682594646764,0.7603715523136539,0.006745109795398337
2026-06-18 14:20:20.002,Статья,Пруцев продолжит карьеру во Франции / Муфи в Балтике - Новости и трансферы РПЛ,https://dzen.ru/media/id/6358cb994fee997bedba5cec/6a33ca91bdc5fb60b3bdafec,24024,740268,43387,15422,29,94,88,0,753.4799999999999,752.18,0.0,0.05860985480933932,0.5537142462027796,0.00487012987012987,31.363636363636356,2026-06,Thursday,14,6,0.05860985480933932,0.5537142462027796,0.00487012987012987
2026-06-16 14:03:32.147,Статья,Позорное отношение к сборной Ирана на ЧМ 2026,https://dzen.ru/media/id/6358cb994fee997bedba5cec/6a312971c18d922da75553fd,5612,42133,8822,1475,42,20,274,0,72.05,71.75,0.0,0.20938456791588542,0.6361369304012695,0.05630791161796151,12.838560228082681,2026-06,Tuesday,14,6,0.20938456791588542,0.6361369304012695,0.05630791161796151
2026-06-15 17:36:47.202,Статья,В Ахмате новый нападающий / ЦСКА интересен бразилец из Ботафого - Трансферы РПЛ,https://dzen.ru/media/id/6358cb994fee997bedba5cec/6a2fddd22f5ff92a02bbe0d1,22931,408252,28314,14983,7,49,102,0,732.04,717.98,0.0,0.06935422239205197,0.8098820371547645,0.0047533906066024156,31.92359687758929,2026-06,Monday,17,6,0.06935422239205197,0.8098820371547645,0.0047533906066024156
2026-06-13 15:52:08.159,Статья,"Акрон подписал нападающего, который был в Манчестер Сити / Балтика укрепляет защиту, нашли замену Саусю и Андраде - Трансферы РПЛ",https://dzen.ru/media/id/6358cb994fee997bedba5cec/6a2d45ba8577c179580d3125,25298,621825,38365,18628,37,85,107,0,910.11,902.94,0.0,0.061697422908374544,0.6594031017854816,0.005692149577041663,35.97557119139853,2026-06,Saturday,15,6,0.061697422908374544,0.6594031017854816,0.005692149577041663
2026-06-10 13:45:13.444,Статья,"Игроки РПЛ, которые примут участие на Чемпионате Мира 2026 года",https://dzen.ru/media/id/6358cb994fee997bedba5cec/6a291ea45c92411f3ee514ea,7186,227498,12782,8890,14,28,21,0,429.0,423.63,0.0,0.05618510931964237,0.5621968393052731,0.004870581686612858,59.699415530197605,2026-06,Wednesday,13,6,0.05618510931964237,0.5621968393052731,0.004870581686612858
2026-06-09 10:52:41.491,Статья,Спартак хочет подписать нападающего / В Акроне новый тренер - Трансферы РПЛ,https://dzen.ru/media/id/6358cb994fee997bedba5cec/6a26c4c6e8f78761706dd4fc,29082,643320,44770,19060,45,103,120,0,930.5500000000001,924.72,0.0,0.0695921158987751,0.6495867768595042,0.005673612543841551,31.997455470737915,2026-06,Tuesday,10,6,0.0695921158987751,0.6495867768595042,0.005673612543841551
2026-06-08 13:10:22.686,Статья,Нино хочет уйти из Зенита / Жедсон может вернутся в Турцию - Трансферы РПЛ,https://dzen.ru/media/id/6358cb994fee997bedba5cec/6a268d56450551402d1b7fa6,1459,12211,2118,548,10,1,12,0,26.79,26.56,0.0,0.1734501678814184,0.6888574126534467,0.015078821110349555,18.361891706648386,2026-06,Monday,13,6,0.1734501678814184,0.6888574126534467,0.015078821110349555
2026-06-05 11:45:13.275,Статья,Комо интересен Сперцян / Батракова не будет в ПСЖ - Трансферы РПЛ,https://dzen.ru/media/id/6358cb994fee997bedba5cec/6a2281ff78b7675bf6fb5aec,15129,441328,24507,10798,37,55,59,0,527.58,513.69,0.0,0.05553012725229308,0.61733382298935,0.006345429307951616,34.8720999405116,2026-06,Friday,11,6,0.05553012725229308,0.61733382298935,0.006345429307951616
2026-06-03 11:14:05.417,Статья,Лидер Краснодара собирается в Саудовскую Аравию,https://dzen.ru/media/id/6358cb994fee997bedba5cec/6a1fd6c83bb5840753d31dd5,8294,321602,13091,5751,26,48,38,0,280.96,280.19,0.0,0.04070559262691152,0.6335650446871897,0.007716421509524958,33.87509042681456,2026-06,Wednesday,11,6,0.04070559262691152,0.6335650446871897,0.007716421509524958
2026-06-01 11:34:48.781,Статья,Алексей Батраков переходит в ПСЖ,https://dzen.ru/media/id/6358cb994fee997bedba5cec/6a1d36c8b10e3825a8801285,52963,1219673,86727,30762,169,256,388,0,1502.94,1500.19,0.0,0.07110676386211714,0.6106864067706712,0.010516775862394502,28.377168967014708,2026-06,Monday,11,6,0.07110676386211714,0.6106864067706712,0.010516775862394502
2026-05-30 16:25:15.842,Статья,В ЦСКА определили тренерский штаб на новый сезон,https://dzen.ru/media/id/6358cb994fee997bedba5cec/6a1acab1c5364e237329995e,49509,1063255,80712,37960,132,208,404,0,1870.5900000000001,1850.88,0.0,0.07591029433202759,0.6134032114183765,0.010826314407481469,37.78282736472157,2026-05,Saturday,16,5,0.07591029433202759,0.6134032114183765,0.010826314407481469
2026-05-28 16:45:13.415,Статья,Спартаку интересен левый защитник из Испании / Барко может покинуть команду,https://dzen.ru/media/id/6358cb994fee997bedba5cec/6a183bb701812d0f1b2171ee,21957,383062,34016,15109,17,52,107,0,745.3699999999999,736.81,0.0,0.0888002464353029,0.6454903574788335,0.005647401739764084,33.94680511909641,2026-05,Thursday,16,5,0.0888002464353029,0.6454903574788335,0.005647401739764084
2026-05-27 12:43:17.518,Статья,Краснодар ищет усиление,https://dzen.ru/media/id/6358cb994fee997bedba5cec/6a16b38a20be4c1c10c1b0fb,13424,334618,18234,10151,16,35,62,0,500.59999999999997,491.46,0.0,0.05449198787871543,0.736207085664144,0.005810488676996424,37.291418355184746,2026-05,Wednesday,12,5,0.05449198787871543,0.736207085664144,0.005810488676996424
2026-05-26 15:47:20.220,Статья,Ахмат подписал опорника / Зенит купил лидера Балтики. Трансферы РПЛ,https://dzen.ru/media/id/6358cb994fee997bedba5cec/6a158db5a24a720a4318cf8d,10185,270076,17132,4994,33,37,58,0,246.46,245.75,0.0,0.0634339963565811,0.594501517627831,0.008934707903780068,24.198330878743253,2026-05,Tuesday,15,5,0.0634339963565811,0.594501517627831,0.008934707903780068
2026-05-22 14:21:03.231,Статья,Зениту интересен очередной бразилец,https://dzen.ru/media/id/6358cb994fee997bedba5cec/6a10338d8cb90d5515354e83,5304,163325,10056,3758,22,31,30,0,185.38,184.93,0.0,0.06157048829021889,0.5274463007159904,0.00980392156862745,34.950980392156865,2026-05,Friday,14,5,0.06157048829021889,0.5274463007159904,0.00980392156862745
2026-05-20 15:10:38.342,Статья,"Шварц в Динамо, зачем?",https://dzen.ru/media/id/6358cb994fee997bedba5cec/6a0d8f7eb0a2f8305e252ec9,1512,10897,4416,515,38,12,37,0,25.42,25.28,0.0,0.4052491511425163,0.3423913043478261,0.0496031746031746,16.812169312169313,2026-05,Wednesday,15,5,0.4052491511425163,0.3423913043478261,0.0496031746031746
2026-05-19 12:32:23.837,Статья,"ЦСКА, что там с тренером?",https://dzen.ru/media/id/6358cb994fee997bedba5cec/6a0c2403c99adc609f175059,24457,603908,43225,20060,83,110,149,0,989.73,979.41,0.0,0.0715754717605993,0.5658068247541932,0.009486036717504191,40.46816862248028,2026-05,Tuesday,12,5,0.0715754717605993,0.5658068247541932,0.009486036717504191
2026-05-13 12:47:32.949,Статья,В Сборную вызвали игрока Манчестер Юнайтед / Ближайшие соперники,https://dzen.ru/media/id/6358cb994fee997bedba5cec/6a043874f1a46425553da5e6,301,98781,1009,270,1,5,6,0,13.32,13.3,0.0,0.010214514937083042,0.2983151635282458,0.023255813953488372,44.25249169435216,2026-05,Wednesday,12,5,0.010214514937083042,0.2983151635282458,0.023255813953488372
2026-05-04 12:39:36.386,Статья,Челестини - уволен / Заболотный сдал положительный допинг-тест. Новости перед дерби Спартак - ЦСКА,https://dzen.ru/media/id/6358cb994fee997bedba5cec/69f86234954d8b7916be45d1,2640,164579,4592,1652,2,10,22,0,81.52000000000001,81.48,0.0,0.027901494115288097,0.5749128919860628,0.00909090909090909,30.878787878787882,2026-05,Monday,12,5,0.027901494115288097,0.5749128919860628,0.00909090909090909
2026-04-30 14:11:24.904,Статья,Основной защитник Локо бесплатно уйдет из клуба / Зениту интересен игрок Балтики - Трансферы РПЛ,https://dzen.ru/media/id/6358cb994fee997bedba5cec/69f327a26c96204acea5af36,16887,320024,29103,11161,67,52,59,0,552.5,550.45,0.0,0.0909400544959128,0.5802494588186785,0.0074613608100906025,32.717474980754425,2026-04,Thursday,14,4,0.0909400544959128,0.5802494588186785,0.0074613608100906025
2026-04-13 11:58:50.073,Статья,Челлестини может покинуть ЦСКА,https://dzen.ru/media/id/6358cb994fee997bedba5cec/69dca6367406736c71110ee4,10591,179963,15367,6241,79,61,64,0,311.42,310.95,0.0,0.08538977456477165,0.689204138738856,0.013502030025493343,29.404211122651308,2026-04,Monday,11,4,0.08538977456477165,0.689204138738856,0.013502030025493343
2026-04-09 14:42:20.513,Статья,Карседо сделал чудо,https://dzen.ru/media/id/6358cb994fee997bedba5cec/69d781408688ee6d1d874063,46,1174,130,39,1,0,1,0,1.95,1.95,0.0,0.11073253833049404,0.35384615384615387,0.043478260869565216,42.391304347826086,2026-04,Thursday,14,4,0.11073253833049404,0.35384615384615387,0.043478260869565216
2026-04-07 14:48:30.198,Статья,Зенит и Краснодар победили в сложных матча / дерби за Спартаком. о 23 туре РПЛ,https://dzen.ru/media/id/6358cb994fee997bedba5cec/69d4b661860e9b52138f5843,2278,213555,5787,1568,0,8,21,0,78.25,78.25,0.0,0.027098405562969725,0.39364091930188355,0.009218612818261633,34.35030728709394,2026-04,Tuesday,14,4,0.027098405562969725,0.39364091930188355,0.009218612818261633
2026-04-06 14:09:27.822,Статья,Спартак - Локомотив. 16 июля 1975 года / Чемпионат СССР,https://dzen.ru/media/id/6358cb994fee997bedba5cec/69d3911aa7792d71a5d18ad1,33,1988,163,37,0,0,3,0,1.82,1.78,0.0,0.08199195171026157,0.20245398773006135,0.09090909090909091,55.151515151515156,2026-04,Monday,14,4,0.08199195171026157,0.20245398773006135,0.09090909090909091
2026-03-31 16:28:46.666,Статья,Локомотив - Динамо. 6 июля 1975 года / Чемпионат СССР,https://dzen.ru/media/id/6358cb994fee997bedba5cec/69cbc24a18334e4323f57cb1,174,11839,464,220,0,1,3,0,10.93,10.48,0.0,0.03919249936650055,0.375,0.017241379310344827,62.81609195402299,2026-03,Tuesday,16,3,0.03919249936650055,0.375,0.017241379310344827
2026-03-28 09:10:41.746,Статья,Лучшие игроки марта в РПЛ по голевым действиям,https://dzen.ru/media/id/6358cb994fee997bedba5cec/69c50df12115241eb1e8caef,681,64155,1349,586,1,4,2,0,29.52,29.34,0.0,0.021027199750604006,0.5048183839881394,0.004405286343612335,43.348017621145374,2026-03,Saturday,9,3,0.021027199750604006,0.5048183839881394,0.004405286343612335
2026-03-26 12:50:30.796,Статья,Спартак (Москва) - Шахтёр (Донецк). 2 июля 1975 года / Чемпионат СССР,https://dzen.ru/media/id/6358cb994fee997bedba5cec/69c4fe5cdfde34121e8d8108,884,20918,2632,736,2,4,13,0,36.980000000000004,35.53,0.0,0.1258246486279759,0.33586626139817627,0.016968325791855202,41.832579185520366,2026-03,Thursday,12,3,0.1258246486279759,0.33586626139817627,0.016968325791855202
2026-03-24 12:27:22.858,Статья,Соперники сборной России в марте,https://dzen.ru/media/id/6358cb994fee997bedba5cec/69c12f5c65b53d21039f598f,333,24143,521,238,0,0,1,0,11.969999999999999,11.95,0.0,0.021579753965952863,0.6391554702495201,0.003003003003003003,35.94594594594594,2026-03,Tuesday,12,3,0.021579753965952863,0.6391554702495201,0.003003003003003003
2026-03-23 11:54:52.450,Статья,Еще одна победа Карседо,https://dzen.ru/media/id/6358cb994fee997bedba5cec/69c0f0744e346d7fdbfb6400,127,18748,211,92,0,1,6,0,4.64,4.64,0.0,0.011254533816940474,0.6018957345971564,0.047244094488188976,36.53543307086614,2026-03,Monday,11,3,0.011254533816940474,0.6018957345971564,0.047244094488188976
2026-03-21 08:41:48.067,Статья,Торпедо (Москва) - Арарат (Ереван). 29 июня 1975 года / Чемпионат СССР,https://dzen.ru/media/id/6358cb994fee997bedba5cec/69bd544ca687b755dfae6342,1350,86654,2850,1546,4,7,30,0,77.5,75.93,0.0,0.03288942230018233,0.47368421052631576,0.025185185185185185,57.407407407407405,2026-03,Saturday,8,3,0.03288942230018233,0.47368421052631576,0.025185185185185185
2026-03-19 14:36:03.885,Статья,"Спартак победил Динамо, но не прошел дальше в Пути РПЛ",https://dzen.ru/media/id/6358cb994fee997bedba5cec/69bbd589140c421ae33194cd,309,38134,556,114,3,1,6,0,5.68,5.68,0.0,0.014580164682435622,0.5557553956834532,0.02912621359223301,18.381877022653722,2026-03,Thursday,14,3,0.014580164682435622,0.5557553956834532,0.02912621359223301
2026-03-14 09:02:46.992,Статья,Торпедо (Москва) - Динамо (Киев). 25 июня 1975 года / Чемпионат СССР,https://dzen.ru/media/id/6358cb994fee997bedba5cec/69b40375921cc60736593af2,780,32241,1175,655,2,2,16,0,32.949999999999996,32.12,0.0,0.03644427902360348,0.6638297872340425,0.023076923076923078,42.24358974358974,2026-03,Saturday,9,3,0.03644427902360348,0.6638297872340425,0.023076923076923078
2026-03-12 16:43:29.359,Статья,Динамо - лучшая команда после возобновления РПЛ,https://dzen.ru/media/id/6358cb994fee997bedba5cec/69b2c266b5c00350b534af6a,2218,87012,3013,1300,10,8,39,0,65.51,65.23,0.0,0.034627407713878545,0.7361433786923333,0.022091974752028856,29.535617673579804,2026-03,Thursday,16,3,0.034627407713878545,0.7361433786923333,0.022091974752028856
2026-03-10 10:31:26.447,Статья,Весёлый Спартак Карседо,https://dzen.ru/media/id/6358cb994fee997bedba5cec/69afc7c90bc361730c04ac07,3881,167128,6838,4019,34,25,59,0,201.28,199.96,0.0,0.04091474797759801,0.5675636150921322,0.023962896160783304,51.86292192733832,2026-03,Tuesday,10,3,0.04091474797759801,0.5675636150921322,0.023962896160783304
2026-03-07 09:12:19.866,Статья,Торпедо - СКА. 21 июня 1975 года / Чемпионат СССР,https://dzen.ru/media/id/6358cb994fee997bedba5cec/69aae88b1e04d65c970992c9,2143,80209,5508,2362,2,7,39,0,116.91,113.6,0.0,0.06867059806256155,0.3890704429920116,0.019132057862809144,54.554363042463834,2026-03,Saturday,9,3,0.06867059806256155,0.3890704429920116,0.019132057862809144
2026-03-03 14:03:41.223,Статья,Возвращение РПЛ = возвращение спорных судейских решений / 19 тур РПЛ,https://dzen.ru/media/id/6358cb994fee997bedba5cec/69a36a984aaf5559c2781c51,4836,371794,8133,2980,38,25,26,0,150.20000000000002,149.68,0.0,0.021875016810384246,0.5946145333825157,0.013234077750206782,31.058726220016545,2026-03,Tuesday,14,3,0.021875016810384246,0.5946145333825157,0.013234077750206782
2026-02-27 09:45:32.763,Статья,Последние трансферы перед возобновлением сезона в РПЛ,https://dzen.ru/media/id/6358cb994fee997bedba5cec/69a03c31a553e22b2028f2c5,6018,203872,8694,5097,0,17,32,0,256.25,253.29,0.0,0.042644404332129966,0.6922015182884748,0.005317381189764041,42.58059155865737,2026-02,Friday,9,2,0.042644404332129966,0.6922015182884748,0.005317381189764041
2026-02-26 09:10:20.440,Статья,Локомотив - Зенит. 11 июня 1975 года / Чемпионат СССР Высшая лига,https://dzen.ru/media/id/6358cb994fee997bedba5cec/699dbb9ba0e1894ffe14a366,488,81476,1130,645,1,4,21,0,32.21,31.53,0.0,0.013869114831361383,0.431858407079646,0.045081967213114756,66.00409836065573,2026-02,Thursday,9,2,0.013869114831361383,0.431858407079646,0.045081967213114756
2026-02-24 12:46:45.883,Статья,Рубин подписал опорника и лучшего бомбардира Чемпионата Казахстана,https://dzen.ru/media/id/6358cb994fee997bedba5cec/699d6dccc96e4e5333367216,4489,150375,8547,3291,0,6,34,0,160.70000000000002,159.93,0.0,0.05683790523690773,0.5252135252135253,0.007574069948763644,35.79861884606817,2026-02,Tuesday,12,2,0.05683790523690773,0.5252135252135253,0.007574069948763644
2026-02-19 17:54:08.509,Статья,"Ахмат укрепляет защитную линию, еще два новичка / Трансферы РПЛ",https://dzen.ru/media/id/6358cb994fee997bedba5cec/6997235519f30a2426742d52,6292,190234,9871,3122,2,20,46,0,148.79999999999998,148.48,0.0,0.051888726515764795,0.6374227535204133,0.007628734901462174,23.649078194532738,2026-02,Thursday,17,2,0.051888726515764795,0.6374227535204133,0.007628734901462174
2026-02-17 16:14:39.321,Статья,"Рядно перешел в Балтику, Бакаев и Тодорович будут выступать в ФНЛ / Трансферы РПЛ",https://dzen.ru/media/id/6358cb994fee997bedba5cec/699467f3d56e1b3a49107525,10571,326131,16498,9165,10,22,44,0,419.68,416.82,0.0,0.05058703404460171,0.6407443326463814,0.005108315201967647,39.70106896225523,2026-02,Tuesday,16,2,0.05058703404460171,0.6407443326463814,0.005108315201967647
2026-02-14 09:01:00.872,Статья,СССР - Италия. 8 июня 1975 года / Товарищеский матч,https://dzen.ru/media/id/6358cb994fee997bedba5cec/698f2732bcaee9212ce401ed,8695,214871,19751,9347,31,50,65,0,449.59000000000003,434.67,0.0,0.09192026844013385,0.44023087438610703,0.011040828062104657,51.70672800460035,2026-02,Saturday,9,2,0.09192026844013385,0.44023087438610703,0.011040828062104657
2026-02-13 10:59:24.381,Статья,"ЦСКА подписал воспитанника Зенита, а Краснодар укрепляет атаку",https://dzen.ru/media/id/6358cb994fee997bedba5cec/698ed8af6ead264adb5ce05e,5316,159507,8579,4313,4,17,49,0,196.68,196.24,0.0,0.053784473408690525,0.6196526401678517,0.0099699021820918,36.99774266365689,2026-02,Friday,10,2,0.053784473408690525,0.6196526401678517,0.0099699021820918
2026-02-09 15:24:37.222,Статья,"У ЦСКА новый центральный защитник, а «Зенит» делает все, чтобы выиграть чемпионство",https://dzen.ru/media/id/6358cb994fee997bedba5cec/6989cde5ceb2007cf6fca328,26710,578528,40210,23821,56,76,192,0,1087.28,1079.61,0.0,0.06950398252115714,0.6642626212384979,0.009284912017970798,40.706851366529385,2026-02,Monday,15,2,0.06950398252115714,0.6642626212384979,0.009284912017970798
2026-02-06 17:25:40.647,Статья,«ЛОКОМОТИВ» (Москва) — «ДНЕПР» (Днепропетровск). 1 июня 1975 года / Чемпионат СССР Высшая Лига,https://dzen.ru/media/id/6358cb994fee997bedba5cec/6985f573cf4f0767be1767ce,1144,34399,3901,1368,0,5,24,0,63.910000000000004,62.03,0.0,0.11340445943196023,0.29325813893873365,0.02097902097902098,55.86538461538461,2026-02,Friday,17,2,0.11340445943196023,0.29325813893873365,0.02097902097902098
2026-02-05 15:53:25.434,Статья,"Чалов ищет себя в Европе, а Зенит покинул центральный защитник",https://dzen.ru/media/id/6358cb994fee997bedba5cec/69848c89bbea3473b97e27cc,7772,179893,13220,5609,5,26,44,0,255.76,255.45,0.0,0.0734881290544935,0.5878971255673222,0.006304683479155944,32.90787442099845,2026-02,Thursday,15,2,0.0734881290544935,0.5878971255673222,0.006304683479155944
2026-02-04 10:43:20.764,Статья,«Пари НН» и «Ахмат» подписали нападающих,https://dzen.ru/media/id/6358cb994fee997bedba5cec/6982f4dc5c52a7268d32bc58,3769,54567,5874,3097,3,9,30,0,141.23000000000002,138.46,0.0,0.10764747924569795,0.6416411304051753,0.008755638100291854,37.471477845582385,2026-02,Wednesday,10,2,0.10764747924569795,0.6416411304051753,0.008755638100291854
2026-02-01 13:12:28.145,Статья,Попал в немилость у главного тренера и уехал в Турцию,https://dzen.ru/media/id/6358cb994fee997bedba5cec/697f24da0aeeb92c54afdbb8,327,3107,698,144,3,0,12,0,6.57,6.57,0.0,0.2246540070807853,0.4684813753581662,0.045871559633027525,20.091743119266056,2026-02,Sunday,13,2,0.2246540070807853,0.4684813753581662,0.045871559633027525
2026-01-27 18:59:49.074,Статья,Торпедо - Спартак. 31 мая 1975 года / Чемпионат СССР по футболу,https://dzen.ru/media/id/6358cb994fee997bedba5cec/6978db7f2623ca0210010fc3,2669,85699,6162,2524,4,20,46,0,124.06,123.05,0.0,0.07190282267004282,0.43313859136643945,0.018733608092918696,46.481828400149865,2026-01,Tuesday,18,1,0.07190282267004282,0.43313859136643945,0.018733608092918696
2026-01-25 14:30:42.761,Статья,Крылья Советов получили бан на регистрацию новых футболистов,https://dzen.ru/media/id/6358cb994fee997bedba5cec/6975fd62cfce4a65cb2cc012,27,3636,64,18,0,0,7,0,0.9,0.89,0.0,0.0176017601760176,0.421875,0.25925925925925924,33.333333333333336,2026-01,Sunday,14,1,0.0176017601760176,0.421875,0.25925925925925924
2026-01-22 17:50:51.227,Статья,"Динамо укрепляет проблемную зону, а Спартак нашел крайнего защитника",https://dzen.ru/media/id/6358cb994fee997bedba5cec/6972352213508a6e44807abe,12498,248999,20366,10627,10,32,108,0,534.17,530.66,0.0,0.08179149313852666,0.6136698418933517,0.009441510641702672,42.74043847015522,2026-01,Thursday,17,1,0.08179149313852666,0.6136698418933517,0.009441510641702672
2026-01-19 16:26:27.258,Статья,Акрон подписал молодого таланта из Уругвая,https://dzen.ru/media/id/6358cb994fee997bedba5cec/696e2fc73d3d4e360b15c68e,33,5521,95,18,0,1,6,0,0.88,0.88,0.0,0.017207027712370947,0.3473684210526316,0.18181818181818182,26.666666666666668,2026-01,Monday,16,1,0.017207027712370947,0.3473684210526316,0.18181818181818182
2026-01-18 13:21:13.455,Статья,Зенит продает второго нападаюшего и покупает еще одного бразильца,https://dzen.ru/media/id/6358cb994fee997bedba5cec/696caf3ab0c7824d66829380,11799,431565,18100,7747,21,33,64,0,389.43,388.94,0.0,0.04194037978056608,0.6518784530386741,0.007204000339011781,33.00533943554539,2026-01,Sunday,13,1,0.04194037978056608,0.6518784530386741,0.007204000339011781
2026-01-16 17:02:26.116,Статья,Спартак (Москва) - Арарат (Ереван). 25 мая 1975 года / Чемпионат СССР по футболу,https://dzen.ru/media/id/6358cb994fee997bedba5cec/696a41060a33112e463cfaa3,1562,27884,2400,1942,3,9,35,0,97.61,94.91,0.0,0.08607086501219337,0.6508333333333334,0.024327784891165175,62.49039692701665,2026-01,Friday,17,1,0.08607086501219337,0.6508333333333334,0.024327784891165175
2026-01-14 17:58:56.501,Статья,Оренбург ищет таланты в Латинской Америке,https://dzen.ru/media/id/6358cb994fee997bedba5cec/6967ac8fd1fb0336305d0e30,38,2324,85,30,0,0,7,0,1.51,1.51,0.0,0.03657487091222031,0.4470588235294118,0.18421052631578946,39.73684210526316,2026-01,Wednesday,17,1,0.03657487091222031,0.4470588235294118,0.18421052631578946
2026-01-13 10:40:16.477,Статья,У Рубина новый главный тренер,https://dzen.ru/media/id/6358cb994fee997bedba5cec/6965f5bc5cf24347b9cb9f8c,20391,899728,31186,10853,16,58,109,0,545.53,543.55,0.0,0.03466158661284299,0.6538510870262297,0.006130155460742484,26.753469667990778,2026-01,Tuesday,10,1,0.03466158661284299,0.6538510870262297,0.006130155460742484
2026-01-12 06:38:56.516,Статья,Ахмат - самый активный клуб на трансферном рынке в январе,https://dzen.ru/media/id/6358cb994fee997bedba5cec/69646c40c3e44520c2cd2b54,7933,326616,10778,5924,6,21,54,0,297.78000000000003,291.56,0.0,0.03299899576260808,0.7360363703841158,0.007563342997604941,37.53687129711333,2026-01,Monday,6,1,0.03299899576260808,0.7360363703841158,0.007563342997604941
2026-01-11 11:50:46.277,Статья,СССР - Югославия. 21 мая 1975 года / Отборочный матч Олимпийского турнира,https://dzen.ru/media/id/6358cb994fee997bedba5cec/695245782b25664038c366fb,2107,61738,3128,2893,0,12,40,0,145.44,140.67,0.0,0.0506657164145259,0.6735933503836317,0.018984337921214997,69.02705268153774,2026-01,Sunday,11,1,0.0506657164145259,0.6735933503836317,0.018984337921214997
2026-01-09 14:28:39.417,Статья,Зенит вернул деньги за провальный трансфер,https://dzen.ru/media/id/6358cb994fee997bedba5cec/6960ddaa179b5741acc299f0,679,6228,1035,275,0,1,19,0,13.8,13.74,0.0,0.16618497109826588,0.6560386473429952,0.027982326951399118,20.324005891016203,2026-01,Friday,14,1,0.16618497109826588,0.6560386473429952,0.027982326951399118
2026-01-08 11:04:33.682,Статья,Локомотив - Спартак. 11 мая 1975 года / Чемпионат СССР по футболу,https://dzen.ru/media/id/6358cb994fee997bedba5cec/69523b27a248e4546315c275,2046,167322,5169,2920,5,18,46,0,145.72,142.08,0.0,0.03089253056979955,0.395821242019733,0.024926686217008796,71.22189638318672,2026-01,Thursday,11,1,0.03089253056979955,0.395821242019733,0.024926686217008796
2026-01-06 06:22:10.902,Статья,ЦСКА нашел замену Дивееву,https://dzen.ru/media/id/6358cb994fee997bedba5cec/695c54ed4120ad68e6685132,21133,947626,40112,10120,19,76,212,0,508.72999999999996,506.9,0.0,0.04232893567715534,0.5268498205025928,0.01093077177873468,24.072777173141528,2026-01,Tuesday,6,1,0.04232893567715534,0.5268498205025928,0.01093077177873468
2026-01-05 11:22:15.793,Статья,ЦСКА - Локомотив. 02 мая 1975 года / Чемпионат СССР по футболу,https://dzen.ru/media/id/6358cb994fee997bedba5cec/695235922806d97732af4ba0,2015,57678,4384,2307,2,20,61,0,115.9,113.54,0.0,0.0760081833628073,0.4596259124087591,0.031265508684863524,57.51861042183623,2026-01,Monday,11,1,0.0760081833628073,0.4596259124087591,0.031265508684863524
2026-01-04 11:51:06.821,Статья,Спартак нашел главного тренера,https://dzen.ru/media/id/6358cb994fee997bedba5cec/695a2491d01c511e5e54c488,5288,387978,12265,5457,28,43,59,0,277.19,273.44,0.0,0.03161261721025419,0.4311455360782715,0.016452344931921332,52.41868381240545,2026-01,Sunday,11,1,0.03161261721025419,0.4311455360782715,0.016452344931921332
2026-01-03 10:01:50.794,Статья,ЦСКА покупает левого вингера,https://dzen.ru/media/id/6358cb994fee997bedba5cec/6958302510ea6a3d0c628c2e,12115,347299,16197,9877,8,56,109,0,498.47,493.31,0.0,0.046637047616031144,0.7479780206211026,0.009657449442839455,41.14486174164259,2026-01,Saturday,10,1,0.046637047616031144,0.7479780206211026,0.009657449442839455
2026-01-02 11:05:06.643,Статья,Локомотив (Москва) - Арарат (Ереван). 27 апреля 1975 года / Чемпионат СССР по футболу,https://dzen.ru/media/id/6358cb994fee997bedba5cec/694bbb4783066f0c644def7b,2699,94389,6575,4005,0,10,54,0,200.31,186.82,0.0,0.06965854071978726,0.4104942965779468,0.020007410151908114,74.21637643571694,2026-01,Friday,11,1,0.06965854071978726,0.4104942965779468,0.020007410151908114
2025-12-30 14:33:06.967,Статья,Спартак (Москва) - Динамо (Москва). 30 апреля 1975 года / Чемпионат СССР по футболу,https://dzen.ru/media/id/6358cb994fee997bedba5cec/694e7c5bb297451c0bafede8,4843,224001,12818,6145,7,39,68,0,312.48,307.55,0.0,0.05722295882607667,0.3778280542986425,0.01548626884162709,64.52199050175511,2025-12,Tuesday,14,12,0.05722295882607667,0.3778280542986425,0.01548626884162709
2025-12-28 11:23:02.450,Статья,Торпедо (Москва) - Черноморец (Одесса). 27 апреля 1975 года / Чемпионат СССР по футболу,https://dzen.ru/media/id/6358cb994fee997bedba5cec/694e590dd01c511e5e98ee42,708,20550,1230,915,1,7,27,0,47.36,47.19,0.0,0.059854014598540145,0.5756097560975609,0.03954802259887006,66.89265536723164,2025-12,Sunday,11,12,0.059854014598540145,0.5756097560975609,0.03954802259887006
2025-12-25 18:41:50.307,Статья,Спартак (Москва) - Динамо (Тбилиси). 26 апреля 1975 года / Чемпионат СССР по футболу,https://dzen.ru/media/id/6358cb994fee997bedba5cec/694d4dfed01c511e5eaa6a27,8346,247666,17574,7599,5,47,90,0,378.52,374.76,0.0,0.0709584682596723,0.47490611130078525,0.011382698298586149,45.3534627366403,2025-12,Thursday,18,12,0.0709584682596723,0.47490611130078525,0.011382698298586149
2025-12-22 11:36:04.304,Статья,Зенит и ЦСКА могут провернуть обмен года,https://dzen.ru/media/id/6358cb994fee997bedba5cec/6948ff36803c4b3efb340b28,129,2191,199,59,0,2,4,0,2.99,2.99,0.0,0.0908261068005477,0.6482412060301508,0.031007751937984496,23.178294573643413,2025-12,Monday,11,12,0.0908261068005477,0.6482412060301508,0.031007751937984496
2025-12-20 10:00:35.796,Статья,Торпедо (Москва) - Карпаты (Львов). 22 апреля 1975 года / Чемпионат СССР,https://dzen.ru/media/id/6358cb994fee997bedba5cec/694562d8f601824824902675,1364,33537,4228,1262,1,5,31,0,62.67,60.82,0.0,0.1260697140471718,0.3226111636707663,0.02346041055718475,45.94574780058651,2025-12,Saturday,10,12,0.1260697140471718,0.3226111636707663,0.02346041055718475
2025-12-18 15:20:05.576,Статья,Локомотив нашел замену Дмитрию Баринову,https://dzen.ru/media/id/6358cb994fee997bedba5cec/6943d96eed51314e35e0f514,1509,67187,3051,855,4,6,13,0,43.0,43.0,0.0,0.045410570497268814,0.4945919370698132,0.01126573889993373,28.495692511597085,2025-12,Thursday,15,12,0.045410570497268814,0.4945919370698132,0.01126573889993373
2025-12-17 11:15:39.740,Статья,Локомотив (Москва) - СКА (Ростов-на-Дону). 20 апреля 1975 года / Высшая Лига СССР,https://dzen.ru/media/id/6358cb994fee997bedba5cec/69425b2a41a09c780944f7ab,5640,367128,15795,7562,13,44,90,0,376.89,369.44,0.0,0.04302314179250834,0.3570750237416904,0.01826241134751773,66.82446808510637,2025-12,Wednesday,11,12,0.04302314179250834,0.3570750237416904,0.01826241134751773
2025-12-09 17:22:13.402,Статья,Локомотив - Динамо. 6 апреля 1975 года / Кубок СССР,https://dzen.ru/media/id/6358cb994fee997bedba5cec/693827a70260c853b69f2c1d,1720,196691,5416,2395,0,14,31,0,119.9,118.23,0.0,0.027535576106685104,0.3175775480059084,0.01802325581395349,69.70930232558139,2025-12,Tuesday,17,12,0.027535576106685104,0.3175775480059084,0.01802325581395349
2025-12-03 17:35:57.696,Статья,Капитан Локомотива перейдет в ЦСКА,https://dzen.ru/media/id/6358cb994fee997bedba5cec/69303288e3bdaf628d59b9c4,476,7773,657,352,0,1,9,0,17.709999999999997,17.63,0.0,0.0845233500578927,0.7245053272450532,0.018907563025210083,37.205882352941174,2025-12,Wednesday,17,12,0.0845233500578927,0.7245053272450532,0.018907563025210083
2025-12-02 16:05:52.922,Статья,Итоги 17 тура РПЛ,https://dzen.ru/media/id/6358cb994fee997bedba5cec/692edca4f44c4449f27b6838,690,30160,1436,793,0,6,9,0,39.830000000000005,39.7,0.0,0.04761273209549072,0.4805013927576602,0.013043478260869565,57.72463768115943,2025-12,Tuesday,16,12,0.04761273209549072,0.4805013927576602,0.013043478260869565
2025-12-01 16:53:16.630,Статья,Торпедо - Кайрат. 3 ноября 1974 года / Первенство Советского Союза,https://dzen.ru/media/id/6358cb994fee997bedba5cec/692d9a497a23d3086a382cac,40,1120,82,64,0,0,6,0,3.21,3.21,0.0,0.07321428571428572,0.4878048780487805,0.15,80.25,2025-12,Monday,16,12,0.07321428571428572,0.4878048780487805,0.15
2025-11-28 17:43:56.493,Статья,Кубок России ушел на зимний перерыв,https://dzen.ru/media/id/6358cb994fee997bedba5cec/6929accc30c9cc17f94e9172,915,14932,1367,1038,14,11,20,0,52.19,51.48,0.0,0.09154835253147603,0.6693489392831017,0.03715846994535519,57.038251366120214,2025-11,Friday,17,11,0.09154835253147603,0.6693489392831017,0.03715846994535519
2025-11-27 13:03:31.849,Статья,Никита Хайкин - один из лучших вратарей Лиги Чемпионов,https://dzen.ru/media/id/6358cb994fee997bedba5cec/69280aa5c796b84cff769ac0,120,4130,177,105,0,0,5,0,5.26,5.17,0.0,0.04285714285714286,0.6779661016949152,0.041666666666666664,43.83333333333333,2025-11,Thursday,13,11,0.04285714285714286,0.6779661016949152,0.041666666666666664
2025-11-26 15:48:06.829,Статья,Торпедо - Зенит. 15 сентября 1974 года / Первенство Советского Союза,https://dzen.ru/media/id/6358cb994fee997bedba5cec/6926eb359fc94374a1965b21,1520,65084,3134,1638,2,7,34,0,82.36,81.51,0.0,0.04815315592157827,0.48500319081046583,0.02368421052631579,54.18421052631579,2025-11,Wednesday,15,11,0.04815315592157827,0.48500319081046583,0.02368421052631579
2025-11-25 11:49:47.354,Статья,Вадим Романов начал в Спартаке с победы,https://dzen.ru/media/id/6358cb994fee997bedba5cec/6922e8e9f9ec2b088d12fdcc,190,15654,292,247,0,2,14,0,12.83,12.72,0.0,0.018653379327967293,0.6506849315068494,0.07368421052631578,67.52631578947368,2025-11,Tuesday,11,11,0.018653379327967293,0.6506849315068494,0.07368421052631578
2025-11-24 14:54:52.446,Статья,Никита Симонян - лучший бомбардир в истории Спартака,https://dzen.ru/media/id/6358cb994fee997bedba5cec/692416ca937b3048dd33e6ea,32,1980,58,28,0,0,4,0,1.43,1.43,0.0,0.029292929292929294,0.5517241379310345,0.125,44.6875,2025-11,Monday,14,11,0.029292929292929294,0.5517241379310345,0.125
2025-11-21 18:03:18.829,Статья,Торпедо (Москва) - Динамо (Тбилиси). 21 августа 1974 года / Первенство Советского Союза,https://dzen.ru/media/id/6358cb994fee997bedba5cec/69207a6eea8b2a2878c5fc92,4837,131237,13036,6008,2,34,59,0,305.21000000000004,298.6,0.0,0.09933174333457791,0.37104940165695,0.012611122596650816,63.099028323340924,2025-11,Friday,18,11,0.09933174333457791,0.37104940165695,0.012611122596650816
2025-11-20 16:08:54.965,Статья,Карпин снова решил сосредоточиться на работе в Сборной России,https://dzen.ru/media/id/6358cb994fee997bedba5cec/691f0571dfd9403f396421a6,17,1621,60,17,2,1,1,0,0.89,0.87,0.0,0.03701418877236274,0.2833333333333333,0.17647058823529413,52.35294117647059,2025-11,Thursday,16,11,0.03701418877236274,0.2833333333333333,0.17647058823529413
2025-11-19 11:45:41.674,Статья,Отбор на Чемпионат Мира почти завершен. Кто еще сохранил шансы на турнир?,https://dzen.ru/media/id/6358cb994fee997bedba5cec/691d7618962f3926dfeaa132,37,1693,60,38,0,0,1,0,1.98,1.98,0.0,0.03544004725339634,0.6166666666666667,0.02702702702702703,53.513513513513516,2025-11,Wednesday,11,11,0.03544004725339634,0.6166666666666667,0.02702702702702703
2025-11-18 13:38:57.766,Статья,Станкович покинул Спартак,https://dzen.ru/media/id/6358cb994fee997bedba5cec/691c343d077a9105eb18109a,1080,25030,1495,1494,0,3,12,0,76.44,76.14,0.0,0.059728326008789454,0.7224080267558528,0.011111111111111112,70.77777777777777,2025-11,Tuesday,13,11,0.059728326008789454,0.7224080267558528,0.011111111111111112
2025-11-17 16:54:31.177,Статья,Локомотив - Крылья Советов. 19 августа 1974 года / СССР Первая лига,https://dzen.ru/media/id/6358cb994fee997bedba5cec/691b1c9addb2393c95bcc520,1387,47578,3792,2046,0,6,31,0,103.86,101.02,0.0,0.07970070200512842,0.3657700421940928,0.022350396539293438,74.88103821196827,2025-11,Monday,16,11,0.07970070200512842,0.3657700421940928,0.022350396539293438
2025-11-11 13:23:52.230,Статья,Локомотив - Звезда. 15 августа 1974 года / Первая лига СССР,https://dzen.ru/media/id/6358cb994fee997bedba5cec/6912ed4ae2da1154763ecf18,1439,56435,2722,2160,2,15,39,0,108.83,105.51,0.0,0.0482324798440684,0.5286554004408524,0.02849200833912439,75.62890896455872,2025-11,Tuesday,13,11,0.0482324798440684,0.5286554004408524,0.02849200833912439
2025-11-05 13:04:18.922,Статья,Спартак ищет главного тренера,https://dzen.ru/media/id/6358cb994fee997bedba5cec/690a696dd3dc1f6da214fa85,555,8037,988,534,2,2,2,0,0.55,0.53,0.0,0.12293144208037825,0.5617408906882592,0.007207207207207207,0.9909909909909911,2025-11,Wednesday,13,11,0.12293144208037825,0.5617408906882592,0.007207207207207207
2025-11-04 10:14:14.350,Статья,Спартак (Москва) - Арарат (Ереван). 13 августа 1974 года / Первенство Советского Союза,https://dzen.ru/media/id/6358cb994fee997bedba5cec/6904c93838145e2b3ef46f84,1684,68725,2435,2113,3,19,31,0,88.32,85.02,0.0,0.03543106584212441,0.6915811088295688,0.020190023752969122,52.44655581947743,2025-11,Tuesday,10,11,0.03543106584212441,0.6915811088295688,0.020190023752969122
2025-11-03 11:55:24.705,Статья,Краснодар на классе обыграл Спартак,https://dzen.ru/media/id/6358cb994fee997bedba5cec/69086578ca245860987f9938,1589,99726,2205,1005,13,9,22,0,52.88,52.81,0.0,0.022110582997412913,0.7206349206349206,0.022026431718061675,33.27879169288861,2025-11,Monday,11,11,0.022110582997412913,0.7206349206349206,0.022026431718061675
2025-11-02 11:01:18.906,Статья,Динамо (Киев) - Заря (Варашиловград). 10 августа 1974 года / Финал Кубка СССР,https://dzen.ru/media/id/6358cb994fee997bedba5cec/69047ecb123bca62f4115cb9,3851,152693,7365,3836,10,17,44,0,194.34,190.79,0.0,0.048234038233579794,0.5228784792939579,0.014022331861854065,50.46481433393923,2025-11,Sunday,11,11,0.048234038233579794,0.5228784792939579,0.014022331861854065
2025-10-31 11:15:32.715,Статья,Торпедо (Москва) - Днепр (Днепропетровск). 7 августа 1974 года / Первенство Советского Союза,https://dzen.ru/media/id/6358cb994fee997bedba5cec/69046aa1216cad31082c798c,865,129538,1986,892,0,7,14,0,44.31,43.88,0.0,0.015331408544210966,0.43554884189325277,0.016184971098265895,51.225433526011564,2025-10,Friday,11,10,0.015331408544210966,0.43554884189325277,0.016184971098265895
2025-10-29 11:40:35.865,Статья,Спартак (Москва) - Пахтакор (Ташкент). 26 июля 1974 года / Первенство советского союза,https://dzen.ru/media/id/6358cb994fee997bedba5cec/6901c9ef6c1a137a0782cd3d,7247,507716,13934,7635,8,33,75,0,359.12,355.47,0.0,0.027444476833505347,0.5200947323094589,0.0114530150407065,49.55429833034359,2025-10,Wednesday,11,10,0.027444476833505347,0.5200947323094589,0.0114530150407065
2025-10-26 10:27:27.273,Статья,Спартак (Москва) - Днепр (Днепропетровск). 1 июля 1974 года / Первенство Советского Союза,https://dzen.ru/media/id/6358cb994fee997bedba5cec/68fa18c72661983e0c363da3,2350,314984,4344,2623,2,19,37,0,130.25,129.55,0.0,0.013791176694689255,0.5409760589318601,0.016595744680851062,55.42553191489362,2025-10,Sunday,10,10,0.013791176694689255,0.5409760589318601,0.016595744680851062
2025-10-24 10:27:47.267,Статья,Спартак (Москва) - Торпедо (Москва). 26 июня 1974 года / Первенство Советского Союза,https://dzen.ru/media/id/6358cb994fee997bedba5cec/68fa0a6f247c9d646fadd4d5,1952,134439,3740,2052,0,11,37,0,102.9,102.15,0.0,0.0278193083852156,0.5219251336898396,0.018954918032786885,52.715163934426236,2025-10,Friday,10,10,0.0278193083852156,0.5219251336898396,0.018954918032786885
2025-10-22 11:32:28.143,Статья,ЦСКА (Москва) - Динамо (Киев). 25 июня 1974 года / Первенство Советского Союза,https://dzen.ru/media/id/6358cb994fee997bedba5cec/68f88a636539c44524eb91d9,7750,231009,23048,8647,7,36,94,0,426.92,419.24,0.0,0.09977100459289465,0.336254772648386,0.013032258064516128,55.08645161290323,2025-10,Wednesday,11,10,0.09977100459289465,0.336254772648386,0.013032258064516128
2025-10-20 10:40:58.634,Статья,Торпедо - Шахтёр. 11 июня 1974 года / Первенство Советского Союза,https://dzen.ru/media/id/6358cb994fee997bedba5cec/68f5e0f22fcfb25379f1e098,1192,127453,2184,1256,5,11,14,0,63.12,62.57,0.0,0.017135728464610485,0.5457875457875457,0.015939597315436243,52.95302013422819,2025-10,Monday,10,10,0.017135728464610485,0.5457875457875457,0.015939597315436243
2025-10-18 10:00:46.113,Статья,Торпедо - Карпаты. 9 мая 1974 года / Первенство Советского Союза,https://dzen.ru/media/id/6358cb994fee997bedba5cec/68f1f6ebeaf77e0d539c21e4,3654,257255,7009,3547,4,16,61,0,168.35999999999999,166.29,0.0,0.02724534022662339,0.5213297189328007,0.01778872468527641,46.07553366174055,2025-10,Saturday,10,10,0.02724534022662339,0.5213297189328007,0.01778872468527641
2025-10-16 12:17:48.524,Статья,СССР - Швеция. 5 августа 1973 года / История футбола,https://dzen.ru/media/id/6358cb994fee997bedba5cec/68f0a66922afbe06795f3d5e,1393,160242,3136,1474,4,15,25,0,73.32000000000001,72.76,0.0,0.01957039977034735,0.44419642857142855,0.0208183776022972,52.6346015793252,2025-10,Thursday,12,10,0.01957039977034735,0.44419642857142855,0.0208183776022972
2025-10-06 17:44:27.932,Статья,В Спартаке начались перестановки,https://dzen.ru/media/id/6358cb994fee997bedba5cec/68e3d53f2b09b64fdd11a13b,12297,137056,16141,9733,35,41,86,0,489.29,485.43,0.0,0.11776937893999533,0.7618487082584722,0.009839798324794665,39.78937952346101,2025-10,Monday,17,10,0.11776937893999533,0.7618487082584722,0.009839798324794665
2025-09-30 16:28:33.770,Статья,ЦСКА поднялся на первое место / Спартак в трех очках от лидера - РПЛ после 10 туров,https://dzen.ru/media/id/6358cb994fee997bedba5cec/68dbd94b6dc58f0d860a3927,1668,128278,3523,1627,4,9,18,0,82.08999999999999,81.82,0.0,0.02746378958200159,0.47346011921657677,0.013189448441247002,49.214628297362104,2025-09,Tuesday,16,9,0.02746378958200159,0.47346011921657677,0.013189448441247002
2025-09-24 17:59:54.333,Статья,Рубин подписал еще одного свободного агента,https://dzen.ru/media/id/6358cb994fee997bedba5cec/68d40732dcdbc06ff42dce92,595,57696,2575,218,3,3,18,0,11.1,11.08,0.0,0.044630476982806436,0.23106796116504855,0.03529411764705882,18.65546218487395,2025-09,Wednesday,17,9,0.044630476982806436,0.23106796116504855,0.03529411764705882
2025-09-23 13:01:57.289,Статья,"Краснодар проиграл, но не потерял лидерство. Плотность команд в верху турнирной таблицы увеличивается",https://dzen.ru/media/id/6358cb994fee997bedba5cec/68d26e1db979c44aa3cb2004,3383,131362,5964,3205,13,8,36,0,164.77,163.58,0.0,0.0454012575935202,0.5672367538564722,0.014484185634052616,48.70529116169081,2025-09,Tuesday,13,9,0.0454012575935202,0.5672367538564722,0.014484185634052616
2025-09-20 11:33:30.495,Статья,Омоложение состава - Кармо и Попович в ЦСКА / Трансферы РПЛ,https://dzen.ru/media/id/6358cb994fee997bedba5cec/68cd59c89091fc28b6b3cc95,2013,98500,2866,1336,2,10,41,0,67.31,66.8,0.0,0.029096446700507615,0.7023726448011165,0.02136115250869349,33.43765524093393,2025-09,Saturday,11,9,0.029096446700507615,0.7023726448011165,0.02136115250869349
2025-09-19 17:14:17.288,Статья,Станкович близок к увольнению,https://dzen.ru/media/id/6358cb994fee997bedba5cec/68cd63e06feca60ee0289c7a,4926,116526,8546,2887,15,12,42,0,145.26,144.5,0.0,0.07333985548289652,0.5764100163819331,0.011571254567600487,29.488428745432397,2025-09,Friday,17,9,0.07333985548289652,0.5764100163819331,0.011571254567600487
2025-09-19 09:01:38.536,Статья,Новые перспективные легионеры в РПЛ - Трансферы РПЛ,https://dzen.ru/media/id/6358cb994fee997bedba5cec/68cc1c946de220346f4edccc,1804,82296,2831,1158,1,3,29,0,58.33,58.0,0.0,0.034400213862156116,0.6372306605439774,0.01662971175166297,32.33370288248337,2025-09,Friday,9,9,0.034400213862156116,0.6372306605439774,0.01662971175166297
2025-09-18 08:00:31.012,Статья,Севикян вернулся в РПЛ / Новый опорник в Нижнем Новгороде - Трансферы РПЛ,https://dzen.ru/media/id/6358cb994fee997bedba5cec/68cad1c222a723238d6877b9,1488,74518,2102,1094,2,4,6,0,56.0,55.79,0.0,0.028207949757105666,0.7078972407231209,0.005376344086021506,37.634408602150536,2025-09,Thursday,8,9,0.028207949757105666,0.7078972407231209,0.005376344086021506
2025-09-17 10:42:41.651,Статья,"Рубин укрепляет состав, даже после закрытыия трансферного окна - Трансферы РПЛ",https://dzen.ru/media/id/6358cb994fee997bedba5cec/68ca655454d1614dc23dc6ac,3464,112414,5020,2374,8,9,28,0,124.08,122.92,0.0,0.044656359528172644,0.6900398406374502,0.010392609699769052,35.81986143187067,2025-09,Wednesday,10,9,0.044656359528172644,0.6900398406374502,0.010392609699769052
2025-09-15 22:51:46.118,Статья,Камано вернулся в РПЛ / Осинькин подтягивает свои игроков - Трансферы РПЛ,https://dzen.ru/media/id/6358cb994fee997bedba5cec/68c86daf9c2ae93f7b3d8f57,4175,112218,5090,2992,0,7,37,0,159.24,156.9,0.0,0.045358142187527845,0.8202357563850687,0.008862275449101797,38.14131736526946,2025-09,Monday,22,9,0.045358142187527845,0.8202357563850687,0.008862275449101797
2025-09-12 15:24:29.013,Статья,"Игроки, которые покинули РПЛ в последние дни трансферного окна - Трансферы РПЛ",https://dzen.ru/media/id/6358cb994fee997bedba5cec/68c40e75d99d823f51623f2a,10323,153259,11211,7937,2,21,68,0,413.96,399.01,0.0,0.07315067956857346,0.9207920792079208,0.0067809745229100065,40.10074590719752,2025-09,Friday,15,9,0.07315067956857346,0.9207920792079208,0.0067809745229100065
2025-09-10 17:44:19.420,Статья,Спартак купил опытного защитника / Агапов уехал в аренду - Трансферы РПЛ,https://dzen.ru/media/id/6358cb994fee997bedba5cec/68c18de4dd8cb659b26542b9,3283,115181,5223,2249,3,9,38,0,114.66,113.55,0.0,0.045346020611038276,0.6285659582615355,0.012488577520560463,34.92537313432835,2025-09,Wednesday,17,9,0.045346020611038276,0.6285659582615355,0.012488577520560463
2025-09-08 09:00:33.857,Видео,Трансферы РПЛ • Лето 2025 #7 • В Спартаке новый защитник / Пальцев в Краснодаре / Новички Ахмата,https://dzen.ru/media/id/6358cb994fee997bedba5cec/68bdfbb58ccd7573098870b8,3422,242780,1592,0,1,8,20,0,,,,0.006557377049180328,2.149497487437186,0.0061367621274108705,,2025-09,Monday,9,9,0.006557377049180328,,0.0061367621274108705
2025-09-07 09:08:18.521,Статья,Спартак нашел замену Дуарте / из ЦСКА ушел полузащитник - Трансферы РПЛ,https://dzen.ru/media/id/6358cb994fee997bedba5cec/68bcae4aaf9d6c7fe1a55822,9935,238805,15576,7763,11,22,116,0,420.12,415.11,0.0,0.06522476497560771,0.6378402670775553,0.012783090085556115,42.286864620030194,2025-09,Sunday,9,9,0.06522476497560771,0.6378402670775553,0.012783090085556115
2025-09-05 10:52:41.947,Статья,"Краснодар укрепляет защиту / Ахмат подписал ""десятку"" - Трансферы РПЛ",https://dzen.ru/media/id/6358cb994fee997bedba5cec/68ba93d2f942ae06189810e3,2717,95242,4166,1373,0,4,39,0,70.96,70.1,0.0,0.043741206610528965,0.6521843494959193,0.014354066985645933,26.11704085388296,2025-09,Friday,10,9,0.043741206610528965,0.6521843494959193,0.014354066985645933
2025-09-03 18:08:54.867,Статья,В Сочи приехал защитник сборной Сербии / Ахмат подписал нападающего - Трансферы РПЛ,https://dzen.ru/media/id/6358cb994fee997bedba5cec/68b855349e7f3c091481e95f,1658,65559,2278,912,1,8,18,0,45.85,45.04,0.0,0.034747326835369664,0.7278314310798947,0.011459589867310011,27.653799758745475,2025-09,Wednesday,18,9,0.034747326835369664,0.7278314310798947,0.011459589867310011
2025-09-03 09:49:29.274,Статья,Ряд футболистов покинули РПЛ / Трансферы РПЛ,https://dzen.ru/media/id/6358cb994fee997bedba5cec/68b7011fa750802120908305,6224,133742,8152,3542,3,14,51,0,178.04999999999998,174.85,0.0,0.060953178507873365,0.7634936211972522,0.008676092544987147,28.607005141388175,2025-09,Wednesday,9,9,0.060953178507873365,0.7634936211972522,0.008676092544987147
2025-09-02 14:35:25.887,Статья,Спартак продает центрального защитника,https://dzen.ru/media/id/6358cb994fee997bedba5cec/68b6beeb75b77f7398a3fd44,3440,111772,5421,2085,7,13,40,0,104.81,103.77,0.0,0.04850051891350249,0.6345692676627929,0.01366279069767442,30.468023255813954,2025-09,Tuesday,14,9,0.04850051891350249,0.6345692676627929,0.01366279069767442
2025-09-01 16:05:03.239,Статья,Осинькин возвращается к работе в РПЛ / Карпин может покинуть Динамо,https://dzen.ru/media/id/6358cb994fee997bedba5cec/68b5608f8eada37e495e05aa,15990,391827,20484,11799,47,73,96,0,592.7700000000001,579.19,0.0,0.05227817378587999,0.7806092560046866,0.00894308943089431,37.07129455909944,2025-09,Monday,16,9,0.05227817378587999,0.7806092560046866,0.00894308943089431
2025-08-31 10:00:31.226,Статья,Иван Игнатьев возвращается в Россию / Рубин купил защитника у Зенита - Трансферы РПЛ,https://dzen.ru/media/id/6358cb994fee997bedba5cec/68b38b5ff1e9f262a34f84a2,1519,87177,2264,1214,1,5,4,0,61.01,59.72,0.0,0.025970152677885223,0.6709363957597173,0.0032916392363396972,40.164581961816985,2025-08,Sunday,10,8,0.025970152677885223,0.6709363957597173,0.0032916392363396972
2025-08-30 10:00:54.539,Статья,Пруцев в Локомотиве / Два футболиста покинули Зенит - Трансферы РПЛ,https://dzen.ru/media/id/6358cb994fee997bedba5cec/68b1b7df910c7045df22cada,739,34805,943,449,0,1,4,0,22.57,21.63,0.0,0.02709380836086769,0.7836691410392365,0.005412719891745603,30.54127198917456,2025-08,Saturday,10,8,0.02709380836086769,0.7836691410392365,0.005412719891745603
2025-08-29 16:50:08.827,Статья,Анонс 7 тура РПЛ,https://dzen.ru/media/id/6358cb994fee997bedba5cec/68b1afa175b77f739835ca4c,113,77630,925,37,0,3,5,0,1.8,1.8,0.0,0.011915496586371248,0.12216216216216216,0.04424778761061947,15.929203539823009,2025-08,Friday,16,8,0.011915496586371248,0.12216216216216216,0.04424778761061947
2025-08-25 03:41:54.732,Видео,Трансферы РПЛ • Лето 2025 #6 • Миранчук вернулся / Трансферы ЦСКА / Спартак покупает защитников,https://dzen.ru/media/id/6358cb994fee997bedba5cec/68abae458407cf5f38916a4a,308,2468,343,0,0,0,16,0,,,,0.13897893030794164,0.8979591836734694,0.05194805194805195,,2025-08,Monday,3,8,0.13897893030794164,0.8979591836734694,0.05194805194805195
2025-08-22 16:35:26.701,Статья,Антон Миранчук вернулся в Россию / Спартак покупает центрального защитника,https://dzen.ru/media/id/6358cb994fee997bedba5cec/68a8511d1a283d7e344dba36,8,190,11,7,1,0,0,0,0.36,0.33,0.0,0.05789473684210526,0.7272727272727273,0.125,45.0,2025-08,Friday,16,8,0.05789473684210526,0.7272727272727273,0.125
2025-08-20 13:47:24.679,Статья,"Спартак нашел крайнего защитника, а ЦСКА подписал замену Роше / Трансферы РПЛ",https://dzen.ru/media/id/6358cb994fee997bedba5cec/68a5a6f15c17887c5e2bab3a,2,167,3,1,0,0,0,0,0.06,0.03,0.0,0.017964071856287425,0.6666666666666666,0.0,30.0,2025-08,Wednesday,13,8,0.017964071856287425,0.6666666666666666,0.0
2025-08-18 18:23:56.450,Статья,Трансферы ЦСКА - Новый вингер и правый защитник,https://dzen.ru/media/id/6358cb994fee997bedba5cec/68a342ccf621af7c9ec724a5,16,816,51,18,0,0,0,0,0.9,0.9,0.0,0.0625,0.3137254901960784,0.0,56.25,2025-08,Monday,18,8,0.0625,0.3137254901960784,0.0
2025-08-14 15:12:48.816,Статья,Трансферы РПЛ - Один из лидеров покидает ЦСКА / Оренбург усиливается,https://dzen.ru/media/id/6358cb994fee997bedba5cec/689dcc7457f9d71cbb0440bd,5,138,5,6,0,0,0,0,0.32,0.28,0.0,0.036231884057971016,1.0,0.0,64.0,2025-08,Thursday,15,8,0.036231884057971016,1.0,0.0
2025-08-12 14:31:24.063,Статья,Сборная России узнала всех своих соперников до конца года,https://dzen.ru/media/id/6358cb994fee997bedba5cec/6899f4e6872633331e35474c,6,139,16,6,0,0,0,0,0.33,0.33,0.0,0.11510791366906475,0.375,0.0,55.0,2025-08,Tuesday,14,8,0.11510791366906475,0.375,0.0
2025-08-08 18:19:54.530,Статья,Смогут ли эти футболисты реанимировать свою карьеру? Трансферы РПЛ,https://dzen.ru/media/id/6358cb994fee997bedba5cec/689613c94557dd55e561bcb6,7546,68155,36111,2259,12,21,46,0,110.95,109.51,0.0,0.5298364023182451,0.2089667968209133,0.007686191359660748,14.703153988868275,2025-08,Friday,18,8,0.5298364023182451,0.2089667968209133,0.007686191359660748
2025-08-06 16:24:29.313,Статья,ЦСКА снова выгодно продает игроков,https://dzen.ru/media/id/6358cb994fee997bedba5cec/689356d7d7d5dd663b7569c1,17,623,27,14,0,0,0,0,0.7,0.69,0.0,0.04333868378812199,0.6296296296296297,0.0,41.1764705882353,2025-08,Wednesday,16,8,0.04333868378812199,0.6296296296296297,0.0
2025-08-06 10:50:37.760,Статья,Спартак снова теряет очки / плохой старт / о матче Акрон - Спартак / 3 тур РПЛ,https://dzen.ru/media/id/6358cb994fee997bedba5cec/689306452d5b290adbef48b7,0,108,0,0,0,0,0,0,,,,0.0,,,,2025-08,Wednesday,10,8,0.0,,
2025-08-02 20:39:46.659,Статья,Последние трансферы Динамо,https://dzen.ru/media/id/6358cb994fee997bedba5cec/688e4d0d10986c3a79ac6fd7,0,84,0,0,0,0,0,0,,,,0.0,,,,2025-08,Saturday,20,8,0.0,,
2025-07-29 14:35:59.676,Статья,Спартак покупает хорошего полузащитника,https://dzen.ru/media/id/6358cb994fee997bedba5cec/6888afa75db8875f66e24b33,0,86,1,0,0,0,0,0,,,,0.011627906976744186,0.0,,,2025-07,Tuesday,14,7,0.011627906976744186,0.0,
2025-07-25 10:42:30.790,Статья,Трансферы РПЛ - Усиление Краснодара / Волков в Сочи / Сутормин в Крыльях,https://dzen.ru/media/id/6358cb994fee997bedba5cec/68832f573493b64aba5c9e84,1,90,3,2,0,0,0,0,0.07,0.07,0.0,0.03333333333333333,0.3333333333333333,0.0,70.0,2025-07,Friday,10,7,0.03333333333333333,0.3333333333333333,0.0
2025-07-21 18:37:44.775,Статья,Спартак начал с победы,https://dzen.ru/media/id/6358cb994fee997bedba5cec/687e34d663859954ee87f22d,0,80,0,0,0,0,0,0,,,,0.0,,,,2025-07,Monday,18,7,0.0,,
2025-07-19 20:23:40.867,Статья,Стартовый состав Спартака на первый матч РПЛ,https://dzen.ru/media/id/6358cb994fee997bedba5cec/687bd44606a06523c57ad64d,0,73,3,0,0,0,0,0,,,,0.0410958904109589,0.0,,,2025-07,Saturday,20,7,0.0410958904109589,0.0,
2025-07-17 12:37:38.785,Статья,В Спартаке новый десятый номер и новая форма,https://dzen.ru/media/id/6358cb994fee997bedba5cec/6878b3f8626e401ae2d498ce,1,131,16,0,0,0,0,0,,,,0.12213740458015267,0.0625,0.0,,2025-07,Thursday,12,7,0.12213740458015267,0.0625,0.0
2025-07-14 15:43:52.612,Статья,Оренбург не готов к РПЛ,https://dzen.ru/media/id/6358cb994fee997bedba5cec/6874cb75ef09bd32e5e15113,3,176,14,3,0,0,0,0,0.14,0.14,0.0,0.07954545454545454,0.21428571428571427,0.0,46.66666666666667,2025-07,Monday,15,7,0.07954545454545454,0.21428571428571427,0.0
2025-07-10 12:42:33.892,Статья,ФК Сочи укрепляет состав,https://dzen.ru/media/id/6358cb994fee997bedba5cec/686f7c16aecbb66bfd0a811d,2,79,14,0,0,0,0,0,,,,0.17721518987341772,0.14285714285714285,0.0,,2025-07,Thursday,12,7,0.17721518987341772,0.14285714285714285,0.0
2025-07-08 11:52:21.122,Статья,Краснодар покупает одного из лучших ассистентов Чемпионата Франции,https://dzen.ru/media/id/6358cb994fee997bedba5cec/686cd3d3ce53dd0359342da0,1,94,2,2,0,0,0,0,0.1,0.1,0.0,0.02127659574468085,0.5,0.0,100.0,2025-07,Tuesday,11,7,0.02127659574468085,0.5,0.0
2025-07-07 14:36:03.585,Статья,Большие изменения в Крыльях,https://dzen.ru/media/id/6358cb994fee997bedba5cec/686ba248b09752376f79bd72,1,59,3,2,0,0,0,0,0.06,0.06,0.0,0.05084745762711865,0.3333333333333333,0.0,60.0,2025-07,Monday,14,7,0.05084745762711865,0.3333333333333333,0.0
2025-07-06 14:17:05.406,Статья,Иван Сергеев выбрал Динамо,https://dzen.ru/media/id/6358cb994fee997bedba5cec/686a5a3cfa7aa35f80a24ff2,1,51,1,0,0,0,0,0,,,,0.0196078431372549,1.0,0.0,,2025-07,Sunday,14,7,0.0196078431372549,1.0,0.0
2025-07-05 11:08:47.114,Статья,В Зенит подъехало мощное усиление,https://dzen.ru/media/id/6358cb994fee997bedba5cec/6868dc884229fd0f5f8b78a0,0,52,1,0,0,0,0,0,,,,0.019230769230769232,0.0,,,2025-07,Saturday,11,7,0.019230769230769232,0.0,
2025-07-03 14:09:30.642,Статья,Изменения в ЦСКА - новый тренер / ряд футболистов покинули команду,https://dzen.ru/media/id/6358cb994fee997bedba5cec/686662a325512f3480599cdc,5,587,15,5,0,0,1,0,0.24,0.24,0.0,0.02555366269165247,0.3333333333333333,0.2,48.0,2025-07,Thursday,14,7,0.02555366269165247,0.3333333333333333,0.2
2025-07-01 16:36:13.445,Статья,Посредственный трансфер Спартака,https://dzen.ru/media/id/6358cb994fee997bedba5cec/6863e3e294807419f277bf93,1,41,0,1,0,0,0,0,0.07,0.07,0.0,0.0,inf,0.0,70.0,2025-07,Tuesday,16,7,0.0,,0.0
2025-07-01 11:34:27.393,Статья,А зачем покупали Абену?,https://dzen.ru/media/id/6358cb994fee997bedba5cec/68639cb920911a75ae800aa1,0,41,0,0,0,0,0,0,,,,0.0,,,,2025-07,Tuesday,11,7,0.0,,
2025-06-26 18:37:04.501,Статья,Что там в Спартаке?,https://dzen.ru/media/id/6358cb994fee997bedba5cec/685d67a7b8016668a1bd53b7,0,46,1,0,0,0,0,0,,,,0.021739130434782608,0.0,,,2025-06,Thursday,18,6,0.021739130434782608,0.0,
2025-06-25 17:42:16.655,Статья,Ахмат в новом сезоне сильно изменится,https://dzen.ru/media/id/6358cb994fee997bedba5cec/685c09ca53354058c181a6cd,1,43,3,0,0,0,0,0,,,,0.06976744186046512,0.3333333333333333,0.0,,2025-06,Wednesday,17,6,0.06976744186046512,0.3333333333333333,0.0
2025-06-25 00:26:51.715,Статья,"Осипенко в Динамо, а Ростов уже нашел ему замену / Официальные Трансферы РПЛ",https://dzen.ru/media/id/6358cb994fee997bedba5cec/685b1685de40075dbfd562cf,2,42,7,2,0,0,0,0,0.09,0.09,0.0,0.16666666666666666,0.2857142857142857,0.0,45.0,2025-06,Wednesday,0,6,0.16666666666666666,0.2857142857142857,0.0
2025-06-20 12:33:12.717,Статья,Локомотив получил трансферный бан от ФИФА,https://dzen.ru/media/id/6358cb994fee997bedba5cec/68552a4dc0a11067f28600d4,0,43,0,0,0,0,0,0,,,,0.0,,,,2025-06,Friday,12,6,0.0,,
2025-06-16 15:08:26.533,Статья,Спартаковцы в сборных,https://dzen.ru/media/id/6358cb994fee997bedba5cec/685008889089ac08d39d3545,0,39,0,0,0,0,0,0,,,,0.0,,,,2025-06,Monday,15,6,0.0,,
2025-06-16 13:10:35.192,Статья,Балтика продолжает укреплять состав,https://dzen.ru/media/id/6358cb994fee997bedba5cec/684fe4f7a2f2e87b80a4e56d,1,38,4,1,0,0,1,0,0.04,0.0,0.0,0.10526315789473684,0.25,1.0,40.0,2025-06,Monday,13,6,0.10526315789473684,0.25,1.0
2025-06-13 04:23:24.961,Статья,Спартак и Зенит нашли нападающих,https://dzen.ru/media/id/6358cb994fee997bedba5cec/684b78b763a6124524cc98a1,5,92,9,5,0,0,0,0,0.27,0.27,0.0,0.09782608695652174,0.5555555555555556,0.0,54.00000000000001,2025-06,Friday,4,6,0.09782608695652174,0.5555555555555556,0.0
2025-06-11 14:04:40.566,Статья,Сборная России не проигрывает,https://dzen.ru/media/id/6358cb994fee997bedba5cec/684958159f1ff1617eab48c1,0,31,0,0,0,0,0,0,,,,0.0,,,,2025-06,Wednesday,14,6,0.0,,
2025-06-10 14:14:02.866,Статья,"Локомотив не останавливается на Комличенко, а Осипенко выбирает деньги / Трансферы РПЛ",https://dzen.ru/media/id/6358cb994fee997bedba5cec/68480aa284ca1f2a3999deb6,0,40,2,0,0,0,0,0,,,,0.05,0.0,,,2025-06,Tuesday,14,6,0.05,0.0,
2025-06-09 12:15:01.958,Статья,"Барко или Маркиньос, кто же все-таки был лучшим в прошлом сезоне?",https://dzen.ru/media/id/6358cb994fee997bedba5cec/6846a157bdb83b4509cf70aa,295,178254,1163,70,2,5,11,0,2.91,2.89,0.0,0.006524397769475019,0.25365434221840066,0.04406779661016949,9.864406779661017,2025-06,Monday,12,6,0.006524397769475019,0.25365434221840066,0.04406779661016949
2025-06-08 12:11:46.493,Статья,Краснодар берет еще одного защитника,https://dzen.ru/media/id/6358cb994fee997bedba5cec/684552f8614ba5050201cc35,1,158,1,1,0,0,0,0,0.03,0.03,0.0,0.006329113924050633,1.0,0.0,30.0,2025-06,Sunday,12,6,0.006329113924050633,1.0,0.0
2025-06-07 11:24:44.977,Статья,Один из лучших тренеров покидает РПЛ,https://dzen.ru/media/id/6358cb994fee997bedba5cec/6843f0e09f1ff1617ec34d50,0,25,0,0,0,0,0,0,,,,0.0,,,,2025-06,Saturday,11,6,0.0,,
2025-06-06 16:03:41.473,Статья,Балтика - самый активный клуб на трансферном рынке,https://dzen.ru/media/id/6358cb994fee997bedba5cec/6842e695ac92ad7328e32526,6914,448332,15455,3932,7,56,76,0,196.45000000000002,195.99,0.0,0.034472221478725584,0.44736331284373987,0.012004628290425224,28.413364188602838,2025-06,Friday,16,6,0.034472221478725584,0.44736331284373987,0.012004628290425224
2025-06-05 14:56:42.664,Статья,Сборная России сыграет с Аргентиной,https://dzen.ru/media/id/6358cb994fee997bedba5cec/684183585f867e37985fdf9a,1,29,1,0,0,0,0,0,,,,0.034482758620689655,1.0,0.0,,2025-06,Thursday,14,6,0.034482758620689655,1.0,0.0
2025-06-04 12:03:32.851,Статья,Матвей Сафонов может покинуть ПСЖ,https://dzen.ru/media/id/6358cb994fee997bedba5cec/68400630b824f945709992de,1,27,5,0,0,0,0,0,,,,0.18518518518518517,0.2,0.0,,2025-06,Wednesday,12,6,0.18518518518518517,0.2,0.0
2025-06-04 11:01:33.284,Статья,Перед матчем Россия - Нигерия,https://dzen.ru/media/id/6358cb994fee997bedba5cec/683ff538cd3b7f7b583542ef,0,28,0,0,0,0,0,0,,,,0.0,,,,2025-06,Wednesday,11,6,0.0,,
2025-06-02 12:19:41.517,Статья,Спартак в ближайшее время могут покинуть несколько легионеров,https://dzen.ru/media/id/6358cb994fee997bedba5cec/683d6b2e52f1900086106f7f,1,33,1,1,0,0,0,0,0.06,0.06,0.0,0.030303030303030304,1.0,0.0,60.0,2025-06,Monday,12,6,0.030303030303030304,1.0,0.0
2025-05-30 16:31:42.965,Статья,"Спартак в поисках правого защитника, а Карпин собирает Ростов в Динамо",https://dzen.ru/media/id/6358cb994fee997bedba5cec/6839b0690d1aca20066b579f,0,25,2,0,0,0,0,0,,,,0.08,0.0,,,2025-05,Friday,16,5,0.08,0.0,
2025-05-29 16:35:56.651,Статья,Краснодар и Локомотив нашли нападающих,https://dzen.ru/media/id/6358cb994fee997bedba5cec/68385e2d1bc27f0c690bc8c5,1,21,1,0,0,0,0,0,,,,0.047619047619047616,1.0,0.0,,2025-05,Thursday,16,5,0.047619047619047616,1.0,0.0
2025-05-28 17:04:45.435,Статья,Первый трансфер Краснодара и возможное усиление Локомотива. Трансферы РПЛ,https://dzen.ru/media/id/6358cb994fee997bedba5cec/68370eac9bdb643878d026a9,0,22,0,0,0,0,0,0,,,,0.0,,,,2025-05,Wednesday,17,5,0.0,,
2025-05-28 11:01:57.616,Статья,"Игнатов покидает Спартак, Барко следующий?",https://dzen.ru/media/id/6358cb994fee997bedba5cec/6836be40bec3436ce35caa46,0,25,1,0,0,0,0,0,,,,0.04,0.0,,,2025-05,Wednesday,11,5,0.04,0.0,
2025-05-28 08:21:20.297,Ролик,Лига Европы УЕФА (2001-2025) Победители,https://dzen.ru/media/id/6358cb994fee997bedba5cec/68369cf299f73a7a5f59ebf4,619,2127,301,0,0,0,13,0,,,,0.14151386929948284,2.0564784053156147,0.0210016155088853,,2025-05,Wednesday,8,5,0.14151386929948284,,0.0210016155088853
2025-05-27 15:29:48.600,Статья,РПЛ. Последние новости,https://dzen.ru/media/id/6358cb994fee997bedba5cec/6835af66b8193f25d8ca5e58,0,28,1,0,0,0,0,0,,,,0.03571428571428571,0.0,,,2025-05,Tuesday,15,5,0.03571428571428571,0.0,
2025-05-26 16:42:00.259,Статья,Первый сезон Абаскаль VS первый сезон Станковича,https://dzen.ru/media/id/6358cb994fee997bedba5cec/68346f32cbbd1e58b10a82e5,0,22,1,0,0,0,0,0,,,,0.045454545454545456,0.0,,,2025-05,Monday,16,5,0.045454545454545456,0.0,
2025-05-23 12:29:19.809,Статья,Спартак. Свежие трансферные слухи,https://dzen.ru/media/id/6358cb994fee997bedba5cec/68302aaba2a12b5e0069f3fc,0,30,0,0,0,0,0,0,,,,0.0,,,,2025-05,Friday,12,5,0.0,,
2025-05-23 10:55:54.767,Статья,Кто станет чемпионом в РПЛ?,https://dzen.ru/media/id/6358cb994fee997bedba5cec/683028b50f00f65dff5dcc91,1,21,1,0,0,0,0,0,,,,0.047619047619047616,1.0,0.0,,2025-05,Friday,10,5,0.047619047619047616,1.0,0.0
2025-05-22 12:35:04.339,Статья,Самый результативнй игрок весны в РПЛ,https://dzen.ru/media/id/6358cb994fee997bedba5cec/682eef1db2cb8919983eb26d,0,19,0,0,0,0,0,0,,,,0.0,,,,2025-05,Thursday,12,5,0.0,,
2025-05-20 10:55:55.326,Статья,Расширенный состав сборной России на матчи против Нигерии и Беларуси,https://dzen.ru/media/id/6358cb994fee997bedba5cec/682c34de5a881453f0a6b315,1,25,1,0,0,0,0,0,,,,0.04,1.0,0.0,,2025-05,Tuesday,10,5,0.04,1.0,0.0
2025-05-19 14:23:10.944,Статья,Крылья - Спартак,https://dzen.ru/media/id/6358cb994fee997bedba5cec/682b141a439e726fd472eba5,0,26,0,0,0,0,0,0,,,,0.0,,,,2025-05,Monday,14,5,0.0,,
2025-05-18 12:43:04.056,Статья,"Спартак уже не борется в чемпионате, а доигрывает",https://dzen.ru/media/id/6358cb994fee997bedba5cec/6829ab7a6b2239586eb92c47,0,20,0,0,0,0,0,0,,,,0.0,,,,2025-05,Sunday,12,5,0.0,,
2025-05-18 10:01:52.224,Видео,Чемпионат Мира по футболу (1930 - 2022) Все победители,https://dzen.ru/media/id/6358cb994fee997bedba5cec/68291e8bc621f722d1e6cf71,1740,39990,632,0,0,0,17,0,,,,0.015803950987746937,2.7531645569620253,0.009770114942528735,,2025-05,Sunday,10,5,0.015803950987746937,,0.009770114942528735
2025-05-18 05:07:13.041,Ролик,Победители Кубка Англии в 21 веке (2001-2025) ТГ - https://t.me/trophystats,https://dzen.ru/media/id/6358cb994fee997bedba5cec/68293e70c49d2f29a4a181f0,395,1569,300,0,0,0,13,0,,,,0.19120458891013384,1.3166666666666667,0.03291139240506329,,2025-05,Sunday,5,5,0.19120458891013384,,0.03291139240506329
2025-05-16 16:31:42.510,Статья,Спартак вылетел с Кубка,https://dzen.ru/media/id/6358cb994fee997bedba5cec/68273d3ee985e21f85941137,2,21,6,0,0,0,0,0,,,,0.2857142857142857,0.3333333333333333,0.0,,2025-05,Friday,16,5,0.2857142857142857,0.3333333333333333,0.0
2025-05-15 12:17:13.039,Статья,Ростов снова пройдет Спартак в Кубке?,https://dzen.ru/media/id/6358cb994fee997bedba5cec/6825b02eaab80f37a814bde7,0,23,1,0,0,0,0,0,,,,0.043478260869565216,0.0,,,2025-05,Thursday,12,5,0.043478260869565216,0.0,
2025-05-15 10:51:32.327,Статья,ЦСКА идет за Кубком,https://dzen.ru/media/id/6358cb994fee997bedba5cec/68259cab98211f433ee555ea,0,20,0,0,0,0,0,0,,,,0.0,,,,2025-05,Thursday,10,5,0.0,,
2025-05-02 13:42:27.463,Статья,Ливай Гарсия хуже Шамара Николсона? Сравнение,https://dzen.ru/media/id/6358cb994fee997bedba5cec/68149aa3c72bc3133edd5e97,0,19,2,0,0,0,0,0,,,,0.10526315789473684,0.0,,,2025-05,Friday,13,5,0.10526315789473684,0.0,
2025-04-20 12:11:58.930,Видео,Акрон - Спартак • 25 тур РПЛ • Спартак играет плохо,https://dzen.ru/media/id/6358cb994fee997bedba5cec/6804b9a655a0f56229ca8360,259,2079,284,0,0,0,15,0,,,,0.13660413660413662,0.9119718309859155,0.05791505791505792,,2025-04,Sunday,12,4,0.13660413660413662,0.9119718309859155,0.05791505791505792
2025-04-16 10:53:34.965,Статья,Спартак легко прошел Урал / Спартак - Урал / Кубок России,https://dzen.ru/media/id/6358cb994fee997bedba5cec/67ff5ff2e350361bd64932e6,0,18,1,0,0,0,0,0,,,,0.05555555555555555,0.0,,,2025-04,Wednesday,10,4,0.05555555555555555,0.0,
2025-04-15 10:59:03.479,Статья,Спартак - Урал / Кубок России / Перед матчем,https://dzen.ru/media/id/6358cb994fee997bedba5cec/67fe10973daf9d14ca452058,0,17,2,0,0,0,0,0,,,,0.11764705882352941,0.0,,,2025-04,Tuesday,10,4,0.11764705882352941,0.0,
2025-04-14 23:58:23.102,Статья,Зенит - Краснодар/ 24 тур РПЛ / Зенит теперь фаворит на победу в Чемпионате?,https://dzen.ru/media/id/6358cb994fee997bedba5cec/67fd75cda35c9016d9a4d625,0,17,1,0,0,0,0,0,,,,0.058823529411764705,0.0,,,2025-04,Monday,23,4,0.058823529411764705,0.0,
2025-04-13 14:01:32.997,Ролик,НЕПОБЕЖДЕННЫЕ соперники РЕАЛ МАДРИДа в Еврокубках #ucl #realmadrid,https://dzen.ru/media/id/6358cb994fee997bedba5cec/67fb98d4c05ff97f142abdfd,373,1609,363,0,0,0,15,0,,,,0.22560596643878186,1.0275482093663912,0.040214477211796246,,2025-04,Sunday,14,4,0.22560596643878186,,0.040214477211796246
2025-04-12 20:27:12.160,Видео,Спартак - Динамо Махачкала • 24 тур РПЛ • Спартак проиграл Чемпионат,https://dzen.ru/media/id/6358cb994fee997bedba5cec/67faa151e6b59e57ebff2030,275,2206,282,0,0,0,6,0,,,,0.12783318223028106,0.975177304964539,0.02181818181818182,,2025-04,Saturday,20,4,0.12783318223028106,0.975177304964539,0.02181818181818182
2025-04-11 10:37:43.113,Статья,Спартак - Динамо Махачкала. Перед матчем,https://dzen.ru/media/id/6358cb994fee997bedba5cec/67f8c637f769a0013d637eed,0,22,19,0,0,0,0,0,,,,0.8636363636363636,0.0,,,2025-04,Friday,10,4,0.8636363636363636,0.0,
2025-04-11 08:40:32.910,Ролик,"Деклан Райс исполняет Rice, Rice, Baby! и забивает красивые голы в Лиге Чемпионов! Подпишись на ТГ t.me/doptimes",https://dzen.ru/media/id/6358cb994fee997bedba5cec/67f8aa2462992371e04033a2,296,967,316,0,0,0,15,0,,,,0.3267838676318511,0.9367088607594937,0.05067567567567568,,2025-04,Friday,8,4,0.3267838676318511,0.9367088607594937,0.05067567567567568
2025-04-06 14:52:40.220,Ролик,Арсенал - Реал Мадрид • Лига Чемпионов 24/25 • Кто пройдет дальше??? #arsenal #realmadrid #ucl,https://dzen.ru/media/id/6358cb994fee997bedba5cec/67f26a991f0e7d26cd01cbd2,351,1831,321,0,0,0,14,0,,,,0.17531403604587656,1.0934579439252337,0.039886039886039885,,2025-04,Sunday,14,4,0.17531403604587656,,0.039886039886039885
2025-03-26 11:11:27.286,Статья,Как Спартаковцы съездили в свои сборные в марте,https://dzen.ru/media/id/6358cb994fee997bedba5cec/67e3b60bb980fd7b04e30dd8,0,16,0,0,0,0,0,0,,,,0.0,,,,2025-03,Wednesday,11,3,0.0,,
2025-03-24 11:04:08.801,Статья,Россия - Замбия. Информация о сопернике,https://dzen.ru/media/id/6358cb994fee997bedba5cec/67e111721446fc7c563853ae,0,31,0,0,0,0,0,0,,,,0.0,,,,2025-03,Monday,11,3,0.0,,
2025-03-19 14:08:51.711,Статья,Россия - Гренада. Факты о сопернике,https://dzen.ru/media/id/6358cb994fee997bedba5cec/67daa479a67c0502438307e1,0,14,1,0,0,0,0,0,,,,0.07142857142857142,0.0,,,2025-03,Wednesday,14,3,0.07142857142857142,0.0,
2025-03-01 14:30:49.479,Видео,Спартак - Оренбург • 19 тур РПЛ • ПЕРЕД МАТЧЕМ,https://dzen.ru/media/id/6358cb994fee997bedba5cec/67c2ef338ae4b77c4c28c19a,258,1809,301,0,0,0,7,0,,,,0.1663902708678828,0.8571428571428571,0.027131782945736434,,2025-03,Saturday,14,3,0.1663902708678828,0.8571428571428571,0.027131782945736434
2025-02-26 11:41:27.659,Статья,"Валерий Карпин покинул Ростов, снова",https://dzen.ru/media/id/6358cb994fee997bedba5cec/67bed2254fc8f21cd3dca5c5,0,15,1,0,0,0,0,0,,,,0.06666666666666667,0.0,,,2025-02,Wednesday,11,2,0.06666666666666667,0.0,
2025-02-26 08:43:18.368,Видео,"Трансферы РПЛ • Зима 2025 #4 • Глебов в Динамо / Гарре уехал / Зенит купил то, что плохо лежало",https://dzen.ru/media/id/6358cb994fee997bedba5cec/67bea95b7de633454f792417,1544,34823,784,0,0,2,9,0,,,,0.022513855784969703,1.969387755102041,0.005829015544041451,,2025-02,Wednesday,8,2,0.022513855784969703,,0.005829015544041451
2025-02-23 09:00:53.024,Видео,КБ Новости • Зима 2025. #2 • Спартак - Итоги трансферного окна,https://dzen.ru/media/id/6358cb994fee997bedba5cec/67ba3adc6fe130222cb36b08,232,1296,283,0,0,0,7,0,,,,0.2183641975308642,0.8197879858657244,0.03017241379310345,,2025-02,Sunday,9,2,0.2183641975308642,0.8197879858657244,0.03017241379310345
2025-02-12 09:00:40.831,Видео,Трансферы РПЛ • Зима 2025 #3 • ЦСКА усиливается / Салазар покинул Зенит / Шапи в МЛС,https://dzen.ru/media/id/6358cb994fee997bedba5cec/67abbc04cf9f94444dba96b3,245,1633,284,0,0,0,6,0,,,,0.17391304347826086,0.8626760563380281,0.024489795918367346,,2025-02,Wednesday,9,2,0.17391304347826086,0.8626760563380281,0.024489795918367346
2025-01-25 14:20:54.356,Видео,Победы в Кубке СССР + Россия (1936-2024),https://dzen.ru/media/id/6358cb994fee997bedba5cec/6794c8b910dd13644146ce8f,8205,158260,1523,0,2,19,24,0,,,,0.009623404524200683,5.387393302692055,0.0031687995124923827,,2025-01,Saturday,14,1,0.009623404524200683,,0.0031687995124923827
2025-01-22 09:27:27.408,Видео,Трансферы РПЛ • Зима 2025 #2 • Зенит меняет бразильцев / Еще один балканец в Акроне / Активный НН,https://dzen.ru/media/id/6358cb994fee997bedba5cec/67908db3ae508204f3948e3f,1029,25080,434,0,0,1,6,0,,,,0.01730462519936204,2.370967741935484,0.0058309037900874635,,2025-01,Wednesday,9,1,0.01730462519936204,,0.0058309037900874635
2025-01-19 15:12:15.134,Видео,Победы в чемпионате СССР + Россия (1936-2024),https://dzen.ru/media/id/6358cb994fee997bedba5cec/678ceb55c0330e0fc4fdec80,8102,169614,2129,0,3,18,24,0,,,,0.012552029903191953,3.8055425082198213,0.0033325104912367317,,2025-01,Sunday,15,1,0.012552029903191953,,0.0033325104912367317
2025-01-15 09:01:07.776,Ролик,Суперкубок Испании по футболу (2001-2025) Победители в 21 веке,https://dzen.ru/media/id/6358cb994fee997bedba5cec/6786cbaf12caa049326e3b55,374,1020,296,0,0,0,14,0,,,,0.2901960784313726,1.2635135135135136,0.0374331550802139,,2025-01,Wednesday,9,1,0.2901960784313726,,0.0374331550802139
2025-01-13 09:00:07.182,Видео,КБ Новости • Зима 2025. #1 • Новый спортивный директор / Возможные трансферы / уход Виллиана Жозе,https://dzen.ru/media/id/6358cb994fee997bedba5cec/678419f0616cc602df9393d9,7,398,2,0,0,0,2,0,,,,0.005025125628140704,3.5,0.2857142857142857,,2025-01,Monday,9,1,0.005025125628140704,,0.2857142857142857
2025-01-09 09:00:37.430,Ролик,Суперкубок Италии по футболу (2001-2024) Победители в 21 веке,https://dzen.ru/media/id/6358cb994fee997bedba5cec/677f01dd7d40dd40b03e4032,246,646,280,0,0,0,13,0,,,,0.43343653250773995,0.8785714285714286,0.052845528455284556,,2025-01,Thursday,9,1,0.43343653250773995,0.8785714285714286,0.052845528455284556
2025-01-07 08:31:49.603,Ролик,Суперкубок Франции по футболу (2001-2024) Победители в 21 веке,https://dzen.ru/media/id/6358cb994fee997bedba5cec/677cbbc5936b747e122de5a2,256,586,298,0,0,0,14,0,,,,0.5085324232081911,0.8590604026845637,0.0546875,,2025-01,Tuesday,8,1,0.5085324232081911,0.8590604026845637,0.0546875
2025-01-04 10:00:23.785,Видео,Чемпионат Казахстана по футболу 1992-2024 Все победители,https://dzen.ru/media/id/6358cb994fee997bedba5cec/67787170201bfe3a5b3ace1c,52,596,28,0,0,0,2,0,,,,0.04697986577181208,1.8571428571428572,0.038461538461538464,,2025-01,Saturday,10,1,0.04697986577181208,,0.038461538461538464
2024-12-23 10:00:32.530,Видео,Чемпионат Беларуси 1992-2024 Все победители,https://dzen.ru/media/id/6358cb994fee997bedba5cec/676871a7def4de642e113fec,1068,22162,225,0,0,3,3,0,,,,0.010152513311073008,4.746666666666667,0.0028089887640449437,,2024-12,Monday,10,12,0.010152513311073008,,0.0028089887640449437
2024-12-19 10:00:13.326,Видео,Трансферы РПЛ • Зима 2025 #1 • Динамо покидают лидеры / Вингер в Краснодаре / Нападающий для ЦСКА,https://dzen.ru/media/id/6358cb994fee997bedba5cec/676344acbf8e073c1a4d1cc1,25,550,10,0,0,0,2,0,,,,0.01818181818181818,2.5,0.08,,2024-12,Thursday,10,12,0.01818181818181818,,0.08
2024-12-13 10:00:21.871,Видео,Таблица РПЛ за 2024 год,https://dzen.ru/media/id/6358cb994fee997bedba5cec/675b4fd631b1432768518546,911,17798,235,0,0,1,2,0,,,,0.013203730756264749,3.876595744680851,0.0021953896816684962,,2024-12,Friday,10,12,0.013203730756264749,,0.0021953896816684962
2024-12-08 12:49:05.924,Видео,Спартак - Пари НН • 18 тур РПЛ • СПАРТАК В ЧЕМПИОНСКОЙ ГОНКЕ,https://dzen.ru/media/id/6358cb994fee997bedba5cec/675569e4e0c42e5e23cfe4e3,10,392,5,0,0,1,2,0,,,,0.012755102040816327,2.0,0.2,,2024-12,Sunday,12,12,0.012755102040816327,,0.2
2024-12-01 12:46:41.080,Видео,Победы Советских клубов в ЕВРОКУБКАХ (1965-1991) Футбол в СССР,https://dzen.ru/media/id/6358cb994fee997bedba5cec/674c2df5e6d59055f405608c,6072,94240,3515,0,0,5,11,0,,,,0.037298387096774195,1.7274537695590326,0.0018115942028985507,,2024-12,Sunday,12,12,0.037298387096774195,,0.0018115942028985507
2024-11-29 08:57:30.499,Видео,Ростов - Спартак • 1/4 финала Пути РПЛ • Спартак слил кубок,https://dzen.ru/media/id/6358cb994fee997bedba5cec/674956a0e903fb6ed1da0e1b,317,3514,105,0,0,0,2,0,,,,0.029880478087649404,3.019047619047619,0.006309148264984227,,2024-11,Friday,8,11,0.029880478087649404,,0.006309148264984227
2024-11-26 20:55:48.642,Видео,16 ТУР РПЛ • Зенит лидер / Динамо отскочило / Спартак приближается к тройке,https://dzen.ru/media/id/6358cb994fee997bedba5cec/6746076c991b5e6bb1e28cb6,9,310,5,0,0,0,0,0,,,,0.016129032258064516,1.8,0.0,,2024-11,Tuesday,20,11,0.016129032258064516,,0.0
2024-11-24 10:00:05.103,Видео,Спартак - Локомотив • 16 тур РПЛ • Лучший матч под руководством Станковича,https://dzen.ru/media/id/6358cb994fee997bedba5cec/67428f061117a85da77c48bf,34,783,25,0,0,0,0,0,,,,0.031928480204342274,1.36,0.0,,2024-11,Sunday,10,11,0.031928480204342274,,0.0
2024-11-23 12:16:55.030,Видео,Лучшие трансферы РПЛ. Лето 2024 #1,https://dzen.ru/media/id/6358cb994fee997bedba5cec/67419b49317b8e524cec9542,9,321,5,0,0,0,0,0,,,,0.01557632398753894,1.8,0.0,,2024-11,Saturday,12,11,0.01557632398753894,,0.0
2024-11-22 15:44:35.057,Статья,Лучшие Трансферы лета в РПЛ №3. Лусиано Гондоу,https://dzen.ru/media/id/6358cb994fee997bedba5cec/6740785bc120ca5b2911333a,0,11,0,0,0,0,0,0,,,,0.0,,,,2024-11,Friday,15,11,0.0,,
2024-11-19 10:01:35.475,Статья,Лучшие Трансферы лета в РПЛ №2. Диего Коста,https://dzen.ru/media/id/6358cb994fee997bedba5cec/673bba1c5aa12a30cf6851b7,0,15,3,0,0,0,0,0,,,,0.2,0.0,,,2024-11,Tuesday,10,11,0.2,0.0,
2024-11-17 11:42:14.786,Видео,Победы Российских команд в Еврокубках (1992-2024),https://dzen.ru/media/id/6358cb994fee997bedba5cec/6739aae486ca9345b1a5a8fb,4875,77879,1929,0,2,3,8,0,,,,0.024769193235660448,2.527216174183515,0.0020512820512820513,,2024-11,Sunday,11,11,0.024769193235660448,,0.0020512820512820513
2024-11-12 18:41:32.466,Статья,Лучшие трансферы лета в РПЛ №1. Эсекьель Барко,https://dzen.ru/media/id/6358cb994fee997bedba5cec/673374297562952dc5f177ec,28,1904,84,8,0,0,1,0,0.41,0.29,0.0,0.04411764705882353,0.3333333333333333,0.03571428571428571,14.642857142857142,2024-11,Tuesday,18,11,0.04411764705882353,0.3333333333333333,0.03571428571428571
2024-11-07 09:00:21.831,Видео,Кубок Испании по футболу (1902-2024) Все победители,https://dzen.ru/media/id/6358cb994fee997bedba5cec/672bdacb1a3ae5170d45da21,2110,39409,727,0,0,4,1,0,,,,0.018447562739475756,2.9023383768913344,0.00047393364928909954,,2024-11,Thursday,9,11,0.018447562739475756,,0.00047393364928909954
2024-11-02 13:05:59.731,Видео,Самый титулованный клуб России (1992-2024) Футбол в России,https://dzen.ru/media/id/6358cb994fee997bedba5cec/6725f899a07bd96cbf42ed2a,9941,182707,2732,0,2,13,14,0,,,,0.01495290273498005,3.638726207906296,0.0016094960265566843,,2024-11,Saturday,13,11,0.01495290273498005,,0.0016094960265566843
2024-10-31 09:00:27.214,Видео,Регулярный чемпионат MLS (Supporters' Shield) 1996 - 2024 Все победители,https://dzen.ru/media/id/6358cb994fee997bedba5cec/67229b41d0657b40e806b547,533,27766,75,0,0,0,1,0,,,,0.0027011452856010947,7.1066666666666665,0.001876172607879925,,2024-10,Thursday,9,10,0.0027011452856010947,,0.001876172607879925
2024-10-27 12:11:19.357,Видео,"Самый титулованный Российский клуб, включая СССР (1936 - 2024)",https://dzen.ru/media/id/6358cb994fee997bedba5cec/671e023fef0e145d8836a4f6,3530,48236,1115,0,2,6,2,0,,,,0.023115515382701717,3.1659192825112106,0.0011331444759206798,,2024-10,Sunday,12,10,0.023115515382701717,,0.0011331444759206798
2024-10-24 18:02:16.103,Статья,Стал известен второй соперник сборной России на ноябрьском сборе и место проведения матча,https://dzen.ru/media/id/6358cb994fee997bedba5cec/671a60ec7e40a22a7b286b27,0,11,1,0,0,0,0,0,,,,0.09090909090909091,0.0,,,2024-10,Thursday,18,10,0.09090909090909091,0.0,
2024-10-24 13:12:38.278,Статья,Сборная России сыграет 15 ноября товарищеский матч со сборной Брунея в Краснодаре. 5 фактов о сопернике,https://dzen.ru/media/id/6358cb994fee997bedba5cec/671a1c96de84c77abf925ca1,0,14,0,0,0,0,0,0,,,,0.0,,,,2024-10,Thursday,13,10,0.0,,
2024-10-22 09:02:27.180,Ролик,Кубок Океании по футболу (1973 - 2024) Все победители,https://dzen.ru/media/id/6358cb994fee997bedba5cec/67173ee2cc944339e4674a72,34,192,7,0,0,0,6,0,,,,0.036458333333333336,4.857142857142857,0.17647058823529413,,2024-10,Tuesday,9,10,0.036458333333333336,,0.17647058823529413
2024-10-21 09:08:44.114,Ролик,Кубок конфедераций ФИФА (1992-2017) Все победители,https://dzen.ru/media/id/6358cb994fee997bedba5cec/6715ef6121b40b154b23cec7,17,182,5,0,0,0,7,0,,,,0.027472527472527472,3.4,0.4117647058823529,,2024-10,Monday,9,10,0.027472527472527472,,0.4117647058823529
2024-10-19 19:20:13.862,Видео,Самый титулованный клуб СССР (1936 -1992) Футбол в СССР,https://dzen.ru/media/id/6358cb994fee997bedba5cec/6713da20702a1035854a2b3d,7748,122229,3456,0,3,9,12,0,,,,0.028274795670421914,2.2418981481481484,0.0019359834796076408,,2024-10,Saturday,19,10,0.028274795670421914,,0.0019359834796076408
2024-10-18 17:40:42.123,Статья,Ожидания от 12 тура РПЛ,https://dzen.ru/media/id/6358cb994fee997bedba5cec/671271b0e71c5047ac507dbe,0,15,1,0,0,0,0,0,,,,0.06666666666666667,0.0,,,2024-10,Friday,17,10,0.06666666666666667,0.0,
2024-10-16 09:02:53.958,Видео,Серия A (1898 - 2024) Все победители,https://dzen.ru/media/id/6358cb994fee997bedba5cec/670f54cd423ebf3edbab5995,3393,69525,575,0,0,3,4,0,,,,0.008270406328658756,5.900869565217391,0.0011788977306218685,,2024-10,Wednesday,9,10,0.008270406328658756,,0.0011788977306218685
2024-10-12 12:52:06.192,Видео,Кубок СССР по футболу (1936 - 1992) Все победители,https://dzen.ru/media/id/6358cb994fee997bedba5cec/670a4542996627484c918694,4420,104746,1029,0,0,9,8,0,,,,0.00982376415328509,4.295432458697765,0.0018099547511312218,,2024-10,Saturday,12,10,0.00982376415328509,,0.0018099547511312218
2024-10-10 09:12:30.214,Видео,Ла Лига - Все победители (1929 - 2024) (Чемпионат Испании по футболу),https://dzen.ru/media/id/6358cb994fee997bedba5cec/67076f22551d0514022ea1b0,2826,60222,601,0,0,5,5,0,,,,0.009979741622662814,4.70216306156406,0.0017692852087756545,,2024-10,Thursday,9,10,0.009979741622662814,,0.0017692852087756545
2024-10-07 08:45:26.599,Видео,Спартак - Ростов • 11 тур РПЛ • Спартаку ПОВЕЗЛО?,https://dzen.ru/media/id/6358cb994fee997bedba5cec/670374a49b265d72461253cf,15,222,6,0,0,0,0,0,,,,0.02702702702702703,2.5,0.0,,2024-10,Monday,8,10,0.02702702702702703,,0.0
2024-10-04 09:13:17.072,Видео,Динамо - Спартак • Кубок России • Спартак первый,https://dzen.ru/media/id/6358cb994fee997bedba5cec/66ff86244a836a5f02586b76,6,205,4,0,0,0,0,0,,,,0.01951219512195122,1.5,0.0,,2024-10,Friday,9,10,0.01951219512195122,,0.0
2024-10-01 21:28:51.204,Видео,10 ТУР РПЛ • Краснодар сменил Зенит на первой строчке / Динамо и ЦСКА преследуют лидеров,https://dzen.ru/media/id/6358cb994fee997bedba5cec/66fc3e0e20bc2c4b15809fa0,4,152,5,0,0,0,0,0,,,,0.03289473684210526,0.8,0.0,,2024-10,Tuesday,21,10,0.03289473684210526,0.8,0.0
2024-09-29 18:43:02.159,Видео,Локомотив - Спартак • 10 тур РПЛ • СПАРТАК ИГРАЕТ ВСЕ ХУЖЕ,https://dzen.ru/media/id/6358cb994fee997bedba5cec/66f9748aab9fe719593b328b,13,224,5,0,0,0,0,0,,,,0.022321428571428572,2.6,0.0,,2024-09,Sunday,18,9,0.022321428571428572,,0.0
2024-09-27 09:05:46.354,Видео,Чемпионат СССР по футболу (1936-1991) Все победители,https://dzen.ru/media/id/6358cb994fee997bedba5cec/66f64a329f1dc222ac60599d,3467,83351,1074,0,1,4,7,0,,,,0.0128852683231155,3.228119180633147,0.0023074704355350445,,2024-09,Friday,9,9,0.0128852683231155,,0.0023074704355350445
2024-09-24 08:52:08.620,Видео,Спартак - Динамо • 9 тур РПЛ • ЗАЩИТА - ДНО / НИЧЬЯ = ПОРАЖЕНИЕ,https://dzen.ru/media/id/6358cb994fee997bedba5cec/66f252b99f915f06ccf20880,8,135,2,0,0,0,0,0,,,,0.014814814814814815,4.0,0.0,,2024-09,Tuesday,8,9,0.014814814814814815,,0.0
2024-09-22 12:01:49.606,Видео,Кубок Англии по футболу (1872 - 2024) Все победители,https://dzen.ru/media/id/6358cb994fee997bedba5cec/66efdbd568acde70c9388c28,3219,48613,2642,0,0,5,7,0,,,,0.054347602493160264,1.2183951551854655,0.0021745883814849334,,2024-09,Sunday,12,9,0.054347602493160264,,0.0021745883814849334
2024-09-19 09:29:51.419,Видео,"Последние трансферы РПЛ #48 • Дзюба, Джикия, Гуарирапа / Последний день трансферного окна в РПЛ",https://dzen.ru/media/id/6358cb994fee997bedba5cec/66ebc42b3e34752da4bd2a14,2,106,2,0,0,0,0,0,,,,0.018867924528301886,1.0,0.0,,2024-09,Thursday,9,9,0.018867924528301886,1.0,0.0
2024-09-17 09:20:28.069,Видео,Динамо Махачкала - Спартак • 8 тур РПЛ • Где работа над ошибками?,https://dzen.ru/media/id/6358cb994fee997bedba5cec/66e91ed18aa00302f331a189,8,140,0,0,0,0,0,0,,,,0.0,inf,0.0,,2024-09,Tuesday,9,9,0.0,,0.0
2024-09-10 09:29:10.686,Видео,КБ Новости #29 • Новый футболист / Сборники / Трансферные слухи / Промес / Кубок России,https://dzen.ru/media/id/6358cb994fee997bedba5cec/66dfe6517e040e7f0f686c96,9,207,1,0,0,0,0,0,,,,0.004830917874396135,9.0,0.0,,2024-09,Tuesday,9,9,0.004830917874396135,,0.0
2024-09-08 13:42:55.490,Видео,Последние трансферы РПЛ #47 • Точечные усиления Локомотива / Вингер в Динамо / Сергеев в КС,https://dzen.ru/media/id/6358cb994fee997bedba5cec/66dd7c007d5c582fc274396d,1,70,0,0,0,0,0,0,,,,0.0,inf,0.0,,2024-09,Sunday,13,9,0.0,,0.0
2024-09-07 16:21:01.135,Ролик,Кубок России по футболу (1993 - 2024) все победители #футбол,https://dzen.ru/media/id/6358cb994fee997bedba5cec/66dc525580c5a447e9d9bec1,189,1547,24,0,0,0,0,0,,,,0.015513897866839044,7.875,0.0,,2024-09,Saturday,16,9,0.015513897866839044,,0.0
2024-09-04 08:57:30.422,Ролик,Чемпионат России по футболу (1992 - 2024) Все победители #рпл #футбол,https://dzen.ru/media/id/6358cb994fee997bedba5cec/66d7f6475b3ce31b6ee1981f,21,442,7,0,0,0,0,0,,,,0.01583710407239819,3.0,0.0,,2024-09,Wednesday,8,9,0.01583710407239819,,0.0
2024-09-01 19:15:48.879,Видео,Спартак - Рубин • 7 тур РПЛ • Мало футбола - много борьбы,https://dzen.ru/media/id/6358cb994fee997bedba5cec/66d4927024fdb13be37fefc3,0,75,1,0,0,0,0,0,,,,0.013333333333333334,0.0,,,2024-09,Sunday,19,9,0.013333333333333334,0.0,
2024-08-31 17:14:23.032,Видео,Последние трансферы РПЛ #46 • Два нападающих в Зените / Защитник в Краснодаре,https://dzen.ru/media/id/6358cb994fee997bedba5cec/66d323e72fa7784277fce5db,115,492,22,0,0,0,0,0,,,,0.044715447154471545,5.2272727272727275,0.0,,2024-08,Saturday,17,8,0.044715447154471545,,0.0
2024-08-25 18:36:48.175,Видео,Зенит - Спартак • 6 тур РПЛ • Спартак играл с позиции силы,https://dzen.ru/media/id/6358cb994fee997bedba5cec/66cb4e3c4f46f76bfdf88c55,0,71,0,0,0,0,0,0,,,,0.0,,,,2024-08,Sunday,18,8,0.0,,
2024-08-24 14:53:39.663,Видео,Главные трансферы лета 2024 #8 • Покупки Милана и Вест Хэма / вингер в Наполи / Возвращение в МС,https://dzen.ru/media/id/6358cb994fee997bedba5cec/66c9c78e24e5a96c7539e839,1,89,0,0,0,0,0,0,,,,0.0,inf,0.0,,2024-08,Saturday,14,8,0.0,,0.0
2024-08-23 08:42:58.848,Ролик,Суперкубок УЕФА - Все победители в 21 веке (2001-2024),https://dzen.ru/media/id/6358cb994fee997bedba5cec/66c820cd6724a47dad8c32ee,9,246,7,0,0,0,0,0,,,,0.028455284552845527,1.2857142857142858,0.0,,2024-08,Friday,8,8,0.028455284552845527,,0.0
2024-08-22 09:13:40.859,Видео,Главные трансферы лета 2024 #7 • Топ трансферы Атлетико / Челси сливает деньги / Защитники в МЮ,https://dzen.ru/media/id/6358cb994fee997bedba5cec/66c6d5a365aa16002e20f979,74,832,84,0,0,0,0,0,,,,0.10096153846153846,0.8809523809523809,0.0,,2024-08,Thursday,9,8,0.10096153846153846,0.8809523809523809,0.0
2024-08-19 09:14:49.955,Видео,Спартак - Факел • 5 тур РПЛ • Спартак одержал уверенную победу,https://dzen.ru/media/id/6358cb994fee997bedba5cec/66c2e19f0828e01c222c6a12,3,58,3,0,0,0,0,0,,,,0.05172413793103448,1.0,0.0,,2024-08,Monday,9,8,0.05172413793103448,1.0,0.0
2024-08-16 09:15:08.873,Видео,Последние трансферы РПЛ #45 • Дзюба нашел новый клуб / Пират в Спартаке / Зенит освободил 2 игроков,https://dzen.ru/media/id/6358cb994fee997bedba5cec/66beed692ac7c157dad0d3a9,6,220,3,0,0,0,0,0,,,,0.013636363636363636,2.0,0.0,,2024-08,Friday,9,8,0.013636363636363636,,0.0
2024-08-15 09:07:05.602,Ролик,Суперкубок Англии по футболу все победители в 21 веке (2001 - 2024),https://dzen.ru/media/id/6358cb994fee997bedba5cec/66bd9a99b7f20827b64d2203,7,151,6,0,0,0,0,0,,,,0.039735099337748346,1.1666666666666667,0.0,,2024-08,Thursday,9,8,0.039735099337748346,,0.0
2024-08-14 08:58:27.163,Видео,Главные трансферы лета 2024 #6 • ПСЖ потратил 100 млн / Нападающий в Тоттенхэме / Трансферы Милана,https://dzen.ru/media/id/6358cb994fee997bedba5cec/66bc45beb5d46b4d2cc2c3ea,27,2766,32,0,0,0,0,0,,,,0.011569052783803326,0.84375,0.0,,2024-08,Wednesday,8,8,0.011569052783803326,0.84375,0.0
2024-08-13 09:12:00.862,Видео,Спартак - Ахмат • 4 тур РПЛ • Ничья / Слабые фланги / Нерабочие замены / Нужны трансферы,https://dzen.ru/media/id/6358cb994fee997bedba5cec/66baf7a344672b7eebaf5d27,0,44,0,0,0,0,0,0,,,,0.0,,,,2024-08,Tuesday,9,8,0.0,,
2024-08-10 19:17:56.087,Видео,"Последние трансферы РПЛ #44 • Крылья Советов, Химки, Динамо Махачкала укрепляются",https://dzen.ru/media/id/6358cb994fee997bedba5cec/66b790804f8f41381408e309,109,814,69,0,0,1,0,0,,,,0.08476658476658476,1.5797101449275361,0.0,,2024-08,Saturday,19,8,0.08476658476658476,,0.0
2024-08-08 08:47:53.816,Ролик,Все победители Суперкубка России по футболу (2003 - 2024),https://dzen.ru/media/id/6358cb994fee997bedba5cec/66b45a27b3966e5f725a2ab0,8,133,6,0,0,0,0,0,,,,0.045112781954887216,1.3333333333333333,0.0,,2024-08,Thursday,8,8,0.045112781954887216,,0.0
2024-08-07 09:07:37.181,Ролик,Суперкубок Португалии по футболу все победители в 21 веке (2001 - 2024),https://dzen.ru/media/id/6358cb994fee997bedba5cec/66b30e60a09deb78e7aaa190,9,141,3,0,0,0,0,0,,,,0.02127659574468085,3.0,0.0,,2024-08,Wednesday,9,8,0.02127659574468085,,0.0
2024-08-04 12:31:18.886,Видео,Главные трансферы лета 2024 #5 • Топ в Арсенале / Трансферы Атлетико Мадрид / Усиление Астон Виллы,https://dzen.ru/media/id/6358cb994fee997bedba5cec/66af48f41d30f961a159bc15,1,76,1,0,0,0,0,0,,,,0.013157894736842105,1.0,0.0,,2024-08,Sunday,12,8,0.013157894736842105,1.0,0.0
2024-08-02 09:18:41.315,Ролик,Кубок Германии по футболу все победители в 21 веке (2001 - 2024),https://dzen.ru/media/id/6358cb994fee997bedba5cec/66ac79226d1ffe19516e5676,14,172,3,0,0,0,0,0,,,,0.01744186046511628,4.666666666666667,0.0,,2024-08,Friday,9,8,0.01744186046511628,,0.0
2024-08-01 09:07:21.960,Ролик,Кубок Короля (Кубок Испании по футболу) все победители в 21 веке (2001-2024),https://dzen.ru/media/id/6358cb994fee997bedba5cec/66ab24e67dd0ef54756fb23b,126,493,11,0,0,0,0,0,,,,0.02231237322515213,11.454545454545455,0.0,,2024-08,Thursday,9,8,0.02231237322515213,,0.0
2024-07-31 09:29:22.057,Видео,"Последние трансферы РПЛ #43 • Чалов покидает ЦСКА, нападающий для Динамо, Миранчук уехал в США",https://dzen.ru/media/id/6358cb994fee997bedba5cec/66a9d6bad59e771d69ef054b,5,250,1,0,0,0,0,0,,,,0.004,5.0,0.0,,2024-07,Wednesday,9,7,0.004,,0.0
2024-07-29 09:22:40.197,Видео,Химки - Спартак • 2 тур РПЛ 24/25 • Барко делает разницу,https://dzen.ru/media/id/6358cb994fee997bedba5cec/66a730009c015076f834254c,3,65,2,0,0,0,0,0,,,,0.03076923076923077,1.5,0.0,,2024-07,Monday,9,7,0.03076923076923077,,0.0
2024-07-27 14:14:16.589,Видео,КБ Новости #28 • Левый вингер / Дмитриев игрок Спартака / Поиски левого защитника,https://dzen.ru/media/id/6358cb994fee997bedba5cec/66a4d2a0ba5e8b1a4669f88b,3,70,2,0,0,0,0,0,,,,0.02857142857142857,1.5,0.0,,2024-07,Saturday,14,7,0.02857142857142857,,0.0
2024-07-26 01:16:13.917,Видео,Бундеслига (Чемпионат Германии по футболу) 1903-2024 Все победители,https://dzen.ru/media/id/6358cb994fee997bedba5cec/66a2ccf21391a411550ec5f2,1773,39702,988,0,0,3,1,0,,,,0.024885396201702686,1.7945344129554657,0.0005640157924421884,,2024-07,Friday,1,7,0.024885396201702686,,0.0005640157924421884
2024-07-23 09:16:38.954,Видео,Главные трансферы лета 2024 #4 • Активный Манчестер Юнайтед / Нападающий для Лиона и Боруссии Д,https://dzen.ru/media/id/6358cb994fee997bedba5cec/669f460d05cb5f71224be96d,51,1597,50,0,0,0,0,0,,,,0.031308703819661866,1.02,0.0,,2024-07,Tuesday,9,7,0.031308703819661866,,0.0
2024-07-22 09:09:48.450,Видео,Оренбург - Спартак • 1 тур РПЛ 24/25 • Спартак проиграл Оренбургу / Новый сезон - новые проблемы,https://dzen.ru/media/id/6358cb994fee997bedba5cec/669df3167dc6311ce8448c2b,1,119,1,0,0,0,0,0,,,,0.008403361344537815,1.0,0.0,,2024-07,Monday,9,7,0.008403361344537815,1.0,0.0
2024-07-19 20:44:19.593,Видео,Кубок Америки по футболу (1916 - 2024) Все победители,https://dzen.ru/media/id/6358cb994fee997bedba5cec/669aa4e705cb5f7122651c3e,1535,23661,1133,0,0,3,2,0,,,,0.04788470478847048,1.354810238305384,0.0013029315960912053,,2024-07,Friday,20,7,0.04788470478847048,,0.0013029315960912053
2024-07-18 09:12:24.329,Видео,Последние трансферы РПЛ #42 • Новый защитник Краснодара / усиления Крыльев / Зенит теряет лидеров,https://dzen.ru/media/id/6358cb994fee997bedba5cec/6698aded6cc5d74ec203d92e,6,123,1,0,0,0,0,0,,,,0.008130081300813009,6.0,0.0,,2024-07,Thursday,9,7,0.008130081300813009,,0.0
2024-07-16 09:00:30.734,Видео,Чемпионат Европы по футболу (1960 - 2024) Все победители и призеры,https://dzen.ru/media/id/6358cb994fee997bedba5cec/66960a7c7cf47c302b5b9c61,704,16543,186,0,0,2,1,0,,,,0.011243426222571481,3.78494623655914,0.0014204545454545455,,2024-07,Tuesday,9,7,0.011243426222571481,,0.0014204545454545455
2024-07-15 09:53:11.845,Видео,"Главные трансферы лета 2024 #3 • Усиления Баварии, центральные защитник для Наполи",https://dzen.ru/media/id/6358cb994fee997bedba5cec/6694c3e78d4fa975a959c090,4,60,0,0,0,0,0,0,,,,0.0,inf,0.0,,2024-07,Monday,9,7,0.0,,0.0
2024-07-13 18:23:57.697,Видео,Последние трансферы РПЛ #41 • Нападающий для ЦСКА / опорник в Локомотиве / усиление Химок,https://dzen.ru/media/id/6358cb994fee997bedba5cec/669294768a873f44be75fa68,1,79,1,0,0,0,0,0,,,,0.012658227848101266,1.0,0.0,,2024-07,Saturday,18,7,0.012658227848101266,1.0,0.0
2024-07-10 09:25:49.153,Видео,КБ Новости #27 • Спартак покупает игрока в атаку / Соболев уходит?,https://dzen.ru/media/id/6358cb994fee997bedba5cec/668e23a1e967170cf34b9113,5,109,3,0,0,0,0,0,,,,0.027522935779816515,1.6666666666666667,0.0,,2024-07,Wednesday,9,7,0.027522935779816515,,0.0
2024-07-08 22:32:18.889,Видео,Евро 2024 • Испания - Франция / Нидерланды - Англия • Полуфиналы • Кто окажется в ФИНАЛЕ?,https://dzen.ru/media/id/6358cb994fee997bedba5cec/668c3ac9a3f19e58b27e98f1,16,692,8,0,0,0,0,0,,,,0.011560693641618497,2.0,0.0,,2024-07,Monday,22,7,0.011560693641618497,,0.0
2024-07-05 09:20:18.096,Видео,Евро 2024 • 1/4 финала • Кто пройдет дальше?,https://dzen.ru/media/id/6358cb994fee997bedba5cec/66878d2ff6faca1d3f7dd6ac,104,5247,73,0,0,1,0,0,,,,0.013912712025919573,1.4246575342465753,0.0,,2024-07,Friday,9,7,0.013912712025919573,,0.0
2024-07-04 09:12:27.335,Видео,"Главные трансферы лета 2024 #2 • Трансферы Челси, защитник для Баварии, Дуглас Луис в Ювентусе",https://dzen.ru/media/id/6358cb994fee997bedba5cec/6686395827751401e4e334fe,1,46,2,0,0,0,0,0,,,,0.043478260869565216,0.5,0.0,,2024-07,Thursday,9,7,0.043478260869565216,0.5,0.0
2024-06-30 19:46:30.672,Видео,"Последние трансферы РПЛ #40 • Зенит разрывает трансферное окно / Трансферы ЦСКА, Акрона и др.",https://dzen.ru/media/id/6358cb994fee997bedba5cec/66818834f6faca1d3f301bc6,24,610,200,0,0,0,0,0,,,,0.32786885245901637,0.12,0.0,,2024-06,Sunday,19,6,0.32786885245901637,0.12,0.0
2024-06-29 10:00:06.820,Видео,Евро 2024 • 1/8 финала • Кто пройдет дальше?,https://dzen.ru/media/id/6358cb994fee997bedba5cec/667f874aac340e4b0dbbcb5a,5,69,2,0,0,0,0,0,,,,0.028985507246376812,2.5,0.0,,2024-06,Saturday,10,6,0.028985507246376812,,0.0
2024-06-25 08:56:05.367,Видео,КБ Новости #26 • Первый трансфер Спартака: Виллиан Жозе / Возвращение Промеса?,https://dzen.ru/media/id/6358cb994fee997bedba5cec/667a59e26671e347b885bd81,11,113,6,0,0,0,0,0,,,,0.05309734513274336,1.8333333333333333,0.0,,2024-06,Tuesday,8,6,0.05309734513274336,,0.0
2024-06-22 09:43:00.070,Видео,"Последние трансферы РПЛ #39 • Глушенков, Горшков и Волков в Зените, трансферы Факела, Ростова и др.",https://dzen.ru/media/id/6358cb994fee997bedba5cec/66766fc19a544801f66541d0,28,569,11,0,0,0,0,0,,,,0.019332161687170474,2.5454545454545454,0.0,,2024-06,Saturday,9,6,0.019332161687170474,,0.0
2024-06-17 08:59:31.838,Видео,"Евро 2024 • Группа F: Португалия, Турция, Грузия, Словакия • Кто пройдет дальше?",https://dzen.ru/media/id/6358cb994fee997bedba5cec/666fcdbb6b786d28b019f8d9,1013,47137,441,0,0,1,1,0,,,,0.009355707830366803,2.2970521541950113,0.0009871668311944718,,2024-06,Monday,8,6,0.009355707830366803,,0.0009871668311944718
2024-06-16 19:00:28.857,Видео,"Евро 2024 • Группа E: Бельгия, Украина, Словакия, Румыния • Кто пройдет дальше?",https://dzen.ru/media/id/6358cb994fee997bedba5cec/666f095fe6db732f8e1dd9e3,5,90,5,0,0,0,0,0,,,,0.05555555555555555,1.0,0.0,,2024-06,Sunday,19,6,0.05555555555555555,1.0,0.0
2024-06-15 16:51:21.639,Видео,"Евро 2024 • Группа D: Франция, Нидерланды, Австрия, Польша • Кто пройдет дальше?",https://dzen.ru/media/id/6358cb994fee997bedba5cec/666d9a1be6db732f8e083537,89,3334,70,0,0,0,0,0,,,,0.020995800839832032,1.2714285714285714,0.0,,2024-06,Saturday,16,6,0.020995800839832032,,0.0
2024-06-14 08:56:44.130,Видео,"Последние трансферы РПЛ #38 • Усиления Зенита, Возвращение Смолова, Вратарь для Динамо",https://dzen.ru/media/id/6358cb994fee997bedba5cec/666bd85cb205006d787a9894,3,110,4,0,0,0,1,0,,,,0.03636363636363636,0.75,0.3333333333333333,,2024-06,Friday,8,6,0.03636363636363636,0.75,0.3333333333333333
2024-06-13 09:02:17.970,Видео,"Евро 2024 • Группа C: Англия, Дания, Сербия, Словения • Кто пройдет дальше?",https://dzen.ru/media/id/6358cb994fee997bedba5cec/666a87e3c475b8563a892726,0,78,2,0,0,0,0,0,,,,0.02564102564102564,0.0,,,2024-06,Thursday,9,6,0.02564102564102564,0.0,
2024-06-11 09:17:07.773,Видео,"Евро 2024 • Группа B: Испания, Хорватия, Албания, Италия • Кто пройдет дальше?",https://dzen.ru/media/id/6358cb994fee997bedba5cec/6667e9b0bdac46701478b018,2,34,5,0,0,0,0,0,,,,0.14705882352941177,0.4,0.0,,2024-06,Tuesday,9,6,0.14705882352941177,0.4,0.0
2024-06-09 11:01:25.585,Видео,"Евро 2024 • Группа А: Германия, Венгрия, Шотландия, Швейцария • Кто пройдет дальше?",https://dzen.ru/media/id/6358cb994fee997bedba5cec/66655dc474e3fd4b43bdc0ff,651,35624,348,0,0,2,0,0,,,,0.009768695261621378,1.8706896551724137,0.0,,2024-06,Sunday,11,6,0.009768695261621378,,0.0
2024-06-07 09:18:35.158,Видео,"Последние трансферы РПЛ #37 • Новый тренер в ЦСКА, Зайнутдинов в Зените, Ростов закупает вратарей",https://dzen.ru/media/id/6358cb994fee997bedba5cec/6662a37c0754aa5ee91f2da0,9,144,9,0,0,1,0,0,,,,0.0625,1.0,0.0,,2024-06,Friday,9,6,0.0625,1.0,0.0
2024-06-05 08:52:48.775,Видео,Лига чемпионов УЕФА 2023/24 - Итоговый рейтинг,https://dzen.ru/media/id/6358cb994fee997bedba5cec/665ffa557f3e733b92c01c05,830,15423,600,0,0,1,4,0,,,,0.03890293717175647,1.3833333333333333,0.004819277108433735,,2024-06,Wednesday,8,6,0.03890293717175647,,0.004819277108433735
2024-06-04 08:52:15.269,Видео,Главные трансферы лета 2024 #1 • Самый ожидаемый трансфер / Тренерские назначения,https://dzen.ru/media/id/6358cb994fee997bedba5cec/665ea97486a3b40ea5fb6587,265,5209,320,0,0,0,0,0,,,,0.06143213668650413,0.828125,0.0,,2024-06,Tuesday,8,6,0.06143213668650413,0.828125,0.0
2024-06-03 09:00:48.510,Видео,"КБ Новости #25 • Слишкович покинул Спартак, Мелешин возвращается, Тишина на трансферах",https://dzen.ru/media/id/6358cb994fee997bedba5cec/665d596532ac0d6e72446368,3,42,2,0,0,0,0,0,,,,0.047619047619047616,1.5,0.0,,2024-06,Monday,9,6,0.047619047619047616,,0.0
2024-06-02 11:26:40.143,Видео,Лига чемпионов УЕФА (1956-2024) Все победители,https://dzen.ru/media/id/6358cb994fee997bedba5cec/665c29bee3b2816e15604255,4295,87294,1894,0,0,2,8,0,,,,0.02169679473961555,2.267687434002112,0.0018626309662398137,,2024-06,Sunday,11,6,0.02169679473961555,,0.0018626309662398137
2024-06-02 00:14:09.661,Ролик,Победители Лиги Чемпионов УЕФА в 21 веке (2001 - 2024) #футбол #лигачемпионов #реалмадрид,https://dzen.ru/media/id/6358cb994fee997bedba5cec/665b8d0a3ba39514b9a78cbe,1,79,1,0,0,0,0,0,,,,0.012658227848101266,1.0,0.0,,2024-06,Sunday,0,6,0.012658227848101266,1.0,0.0
2024-06-01 12:29:45.647,Видео,Все победители Лиги Европы УЕФА (Кубок УЕФА) (1972 - 2024),https://dzen.ru/media/id/6358cb994fee997bedba5cec/665ae8773cfc2971bcdb1cb2,2664,45371,1455,0,0,4,2,0,,,,0.03206894271671332,1.8309278350515463,0.0007507507507507507,,2024-06,Saturday,12,6,0.03206894271671332,,0.0007507507507507507
2024-05-30 09:18:19.825,Видео,"Последние трансферы РПЛ #36 • Сафонов в ПСЖ, Игроки покидают Локомотив, Чалов уходит?",https://dzen.ru/media/id/6358cb994fee997bedba5cec/6658170175f285503a1e8b29,2,72,2,0,0,0,0,0,,,,0.027777777777777776,1.0,0.0,,2024-05,Thursday,9,5,0.027777777777777776,1.0,0.0
2024-05-27 21:37:52.805,Ролик,Победители Кубка Англии по футболу в 21 веке (2001-2024),https://dzen.ru/media/id/6358cb994fee997bedba5cec/6654d25b0455237e905cbca8,55,258,10,0,0,0,0,0,,,,0.03875968992248062,5.5,0.0,,2024-05,Monday,21,5,0.03875968992248062,,0.0
2024-05-26 13:22:21.129,Видео,Все победители Кубка Италии по футболу (1922-2024),https://dzen.ru/media/id/6358cb994fee997bedba5cec/66530a9a4576313e32cbda20,694,18248,119,0,0,2,0,0,,,,0.006521262604121,5.831932773109243,0.0,,2024-05,Sunday,13,5,0.006521262604121,,0.0
2024-05-25 09:26:42.331,Видео,КБ Новости #24 • Уйдет ли Бабич? Что там с Промесом? Кто перейдет в Спартак?,https://dzen.ru/media/id/6358cb994fee997bedba5cec/6651826b39a95a7f97ae39a9,11,136,5,0,0,1,0,0,,,,0.03676470588235294,2.2,0.0,,2024-05,Saturday,9,5,0.03676470588235294,,0.0
2024-05-24 08:56:11.857,Ролик,Победители Лиги Европы УЕФА в 21 веке (2001 - 2024) #футбол,https://dzen.ru/media/id/6358cb994fee997bedba5cec/66502b249ac2ab188b327161,18,240,6,0,0,0,0,0,,,,0.025,3.0,0.0,,2024-05,Friday,8,5,0.025,,0.0
2024-05-22 08:42:08.192,Видео,Все победители Английской Премьер-Лиги за всю историю турнира (1889-2024),https://dzen.ru/media/id/6358cb994fee997bedba5cec/664d824b1b47bc0faf751da6,4828,98971,1979,0,0,7,8,0,,,,0.019995756332663102,2.4396159676604348,0.0016570008285004142,,2024-05,Wednesday,8,5,0.019995756332663102,,0.0016570008285004142
2024-05-20 08:51:42.446,Видео,"Спартак - Рубин • 29 тур РПЛ • Спартак победил, а Джикия и Мозес покидают команду",https://dzen.ru/media/id/6358cb994fee997bedba5cec/664ae05114399147a83cae82,11,156,3,0,0,0,0,0,,,,0.019230769230769232,3.6666666666666665,0.0,,2024-05,Monday,8,5,0.019230769230769232,,0.0
2024-05-19 19:56:57.228,Ролик,Победители Английской Премьер-Лиги в 21 веке (2001-2024) #футбол #апл #манчестерсити,https://dzen.ru/media/id/6358cb994fee997bedba5cec/664a2d4622ce294559ddab88,5,198,2,0,0,0,0,0,,,,0.010101010101010102,2.5,0.0,,2024-05,Sunday,19,5,0.010101010101010102,,0.0
2024-05-19 00:49:04.230,Ролик,Победители Кубка Италии по футболу в 21 веке (2001-2024) #футбол #ювентус #кубокиталии #интер #милан,https://dzen.ru/media/id/6358cb994fee997bedba5cec/664920fb139eff572ff3d7d8,3,90,4,0,0,0,0,0,,,,0.044444444444444446,0.75,0.0,,2024-05,Sunday,0,5,0.044444444444444446,0.75,0.0
2024-05-17 08:41:58.088,Видео,КБ Новости #23 • Спартак выбрал нового тренера • Деян Станкович,https://dzen.ru/media/id/6358cb994fee997bedba5cec/6646ec348ce5a7191658e3fa,1,17,1,0,0,0,0,0,,,,0.058823529411764705,1.0,0.0,,2024-05,Friday,8,5,0.058823529411764705,1.0,0.0
2024-05-13 20:46:05.842,Ролик,Победители Суперкубка Испании в 21 веке (2001-2024) #футбол #реалмадрид #барселона,https://dzen.ru/media/id/6358cb994fee997bedba5cec/6642505fa1a86a3f177e5bd8,68,409,6,0,0,0,0,0,,,,0.014669926650366748,11.333333333333334,0.0,,2024-05,Monday,20,5,0.014669926650366748,,0.0
2024-05-12 14:08:27.232,Видео,Спартак - Краснодар • 28 тур РПЛ • Спартак вмешался в чемпионскую гонку,https://dzen.ru/media/id/6358cb994fee997bedba5cec/6640a1369f669c30c32119d3,11,286,17,0,0,0,0,0,,,,0.05944055944055944,0.6470588235294118,0.0,,2024-05,Sunday,14,5,0.05944055944055944,0.6470588235294118,0.0
2024-05-11 15:38:10.083,Ролик,Победители Высшего Дивизиона Нидерландов (2001-2024) #футбол #аякс #псв,https://dzen.ru/media/id/6358cb994fee997bedba5cec/663f64656690517b558ef8ff,2,88,5,0,0,0,0,0,,,,0.056818181818181816,0.4,0.0,,2024-05,Saturday,15,5,0.056818181818181816,0.4,0.0
2024-05-10 16:34:19.985,Ролик,Победители Клубного Чемпионата Мира (2000-2023) #футбол,https://dzen.ru/media/id/6358cb994fee997bedba5cec/663e207e07a1bd09d328269e,2,53,1,0,0,0,0,0,,,,0.018867924528301886,2.0,0.0,,2024-05,Friday,16,5,0.018867924528301886,,0.0
2024-05-09 14:07:16.874,Ролик,Победители Чемпионата Португалии в 21 веке (2001-2024) #футбол #бенфика #порту #спортинг,https://dzen.ru/media/id/6358cb994fee997bedba5cec/663cab29efaafd06aeeff8de,3,57,1,0,0,0,0,0,,,,0.017543859649122806,3.0,0.0,,2024-05,Thursday,14,5,0.017543859649122806,,0.0
2024-05-07 21:55:59.473,Ролик,Победители чемпионата Франции по футболу в 21 веке (2001-2024) #псж #марсель #монако #лион,https://dzen.ru/media/id/6358cb994fee997bedba5cec/663a775fc4ca42469ed6485b,16,154,2,0,0,0,0,0,,,,0.012987012987012988,8.0,0.0,,2024-05,Tuesday,21,5,0.012987012987012988,,0.0
2024-05-06 09:04:37.114,Видео,НН - Спартак • 27 Тур РПЛ • Антифутбол и Спартак,https://dzen.ru/media/id/6358cb994fee997bedba5cec/6638700714744e146400d65c,7,113,7,0,0,0,0,0,,,,0.061946902654867256,1.0,0.0,,2024-05,Monday,9,5,0.061946902654867256,1.0,0.0
2024-05-05 18:56:33.914,Ролик,Победители Ла Лиги в 21 веке (2001-2024) #футбол #реалмадрид #барселона,https://dzen.ru/media/id/6358cb994fee997bedba5cec/6637ab1a11689f03b42d0763,5,100,2,0,0,0,0,0,,,,0.02,2.5,0.0,,2024-05,Sunday,18,5,0.02,,0.0
2024-05-04 14:06:19.199,Ролик,Победители Чемпионата Италии по футболу (Серия А) в 21 веке (2001 - 2024) #футбол,https://dzen.ru/media/id/6358cb994fee997bedba5cec/6636151e7044c74bee293734,1,39,4,0,0,0,0,0,,,,0.10256410256410256,0.25,0.0,,2024-05,Saturday,14,5,0.10256410256410256,0.25,0.0
2024-05-02 09:03:41.015,Видео,"Динамо - Спартак • Кубок России - Путь Регионов, Полуфинал • Спартак идёт за кубком!",https://dzen.ru/media/id/6358cb994fee997bedba5cec/66332931e2770d79681e3215,54,1367,23,0,0,0,0,0,,,,0.016825164594001463,2.347826086956522,0.0,,2024-05,Thursday,9,5,0.016825164594001463,,0.0
2024-04-30 12:33:20.522,Ролик,Победители Бундеслиги в 21 веке (2001 - 2024) #футбол #бундеслига,https://dzen.ru/media/id/6358cb994fee997bedba5cec/6630b94b47c42e56339a7efd,9,94,2,0,0,0,0,0,,,,0.02127659574468085,4.5,0.0,,2024-04,Tuesday,12,4,0.02127659574468085,,0.0
2024-04-29 18:24:17.616,Видео,Спартак - Локомотив • 26 Тур РПЛ • Спартак обыграл Локомотив,https://dzen.ru/media/id/6358cb994fee997bedba5cec/662fb919898c3608d2695e15,6,102,10,0,0,0,0,0,,,,0.09803921568627451,0.6,0.0,,2024-04,Monday,18,4,0.09803921568627451,0.6,0.0
2024-04-23 09:51:31.101,Видео,Ростов - Спартак • 25 Тур РПЛ • Спартак изменился и разгромил Ростов,https://dzen.ru/media/id/6358cb994fee997bedba5cec/6627586fa60f79049239b6e1,16,265,12,0,0,0,0,0,,,,0.045283018867924525,1.3333333333333333,0.0,,2024-04,Tuesday,9,4,0.045283018867924525,,0.0
2024-04-19 09:28:23.296,Видео,"Зенит - Спартак • Кубок России - Путь РПЛ, Полуфинал • Спартак провел самый слабый матч в сезоне",https://dzen.ru/media/id/6358cb994fee997bedba5cec/66220bd8731b000bc08b59f9,50,1220,15,0,0,0,0,0,,,,0.012295081967213115,3.3333333333333335,0.0,,2024-04,Friday,9,4,0.012295081967213115,,0.0
2024-04-16 18:23:50.000,Пост,🏆Когда пройдут финалы топовых национальных и европейских кубков:  🔵Лига…,https://dzen.ru/media/id/6358cb994fee997bedba5cec/661e9806a4bb17522cf1af05,15,14,20,8,0,0,0,0,0.38,0.38,0.0,1.4285714285714286,0.75,0.0,25.333333333333332,2024-04,Tuesday,18,4,,0.75,0.0
2024-04-14 14:15:45.081,Видео,"Сочи - Спартак • 24 Тур РПЛ • Спартак играет безыдейно, Абаскаля нужно уволить!",https://dzen.ru/media/id/6358cb994fee997bedba5cec/661bb7a51913127907a1b8f9,13,114,3,0,0,0,0,0,,,,0.02631578947368421,4.333333333333333,0.0,,2024-04,Sunday,14,4,0.02631578947368421,,0.0
2024-04-12 06:32:56.422,Видео,Чемпионат Европы по футболу 2016 - Финальная таблица,https://dzen.ru/media/id/6358cb994fee997bedba5cec/6618a928dbc1430ad949c93a,223,4907,189,0,0,1,0,0,,,,0.03851640513552068,1.17989417989418,0.0,,2024-04,Friday,6,4,0.03851640513552068,,0.0
2024-04-08 09:12:28.697,Видео,Динамо - Спартак • 23 Тур РПЛ • Спартак победил вопреки,https://dzen.ru/media/id/6358cb994fee997bedba5cec/66138720f26f101c54f8bd74,39,274,31,0,0,0,0,0,,,,0.11313868613138686,1.2580645161290323,0.0,,2024-04,Monday,9,4,0.11313868613138686,,0.0
2024-04-05 09:23:17.002,Видео,"Спартак - Зенит • Кубок России Путь РПЛ, Полуфинал • Спартак отправляется в Путь Регионов",https://dzen.ru/media/id/6358cb994fee997bedba5cec/660f9394f18eec5c8656b1ce,46,1364,20,0,0,1,0,0,,,,0.01466275659824047,2.3,0.0,,2024-04,Friday,9,4,0.01466275659824047,,0.0
2024-04-02 09:36:56.488,Видео,"Чемпионская гонка в РПЛ, кто победит? • 22 тур РПЛ",https://dzen.ru/media/id/6358cb994fee997bedba5cec/660ba4761039527997099197,2,25,7,0,0,0,0,0,,,,0.28,0.2857142857142857,0.0,,2024-04,Tuesday,9,4,0.28,0.2857142857142857,0.0
2024-03-31 22:14:52.833,Видео,"Спартак - Урал • 21 Тур РПЛ • Спартак в кризисе, Абаскаль не поможет, но это лучший матч в 2024 году",https://dzen.ru/media/id/6358cb994fee997bedba5cec/6609b2734618d13492e66d7d,0,36,0,0,0,0,0,0,,,,0.0,,,,2024-03,Sunday,22,3,0.0,,
2024-03-29 12:02:55.000,Пост,Главные новости в РПЛ за неделю #1 (29 марта 2024 года)  ⚡️Вратарь…,https://dzen.ru/media/id/6358cb994fee997bedba5cec/660683c015ffb2233653296b,0,14,1,0,0,0,0,0,,,,0.07142857142857142,0.0,,,2024-03,Friday,12,3,0.07142857142857142,0.0,
2024-03-24 08:53:52.213,Видео,Чемпионат Европы по футболу 2020 - Финальная таблица,https://dzen.ru/media/id/6358cb994fee997bedba5cec/65ffbb8d0b55d76e3cecc0cb,956,33572,523,0,0,1,2,0,,,,0.015578458239008698,1.8279158699808795,0.0020920502092050207,,2024-03,Sunday,8,3,0.015578458239008698,,0.0020920502092050207
2024-03-18 10:00:09.855,Видео,Кубок африканских наций (1957 - 2024) Все победители,https://dzen.ru/media/id/6358cb994fee997bedba5cec/65f758344825a81e00e8bccd,2,16,2,0,0,0,0,0,,,,0.125,1.0,0.0,,2024-03,Monday,10,3,0.125,1.0,0.0
2024-03-12 09:13:13.588,Видео,Спартак - Факел • 20 тур РПЛ • Мучения Спартака,https://dzen.ru/media/id/6358cb994fee997bedba5cec/65eff02edbdab733d5b104d8,3,43,1,0,0,0,0,0,,,,0.023255813953488372,3.0,0.0,,2024-03,Tuesday,9,3,0.023255813953488372,,0.0
2024-03-09 11:35:40.710,Видео,Кубок Азии (1956 - 2024) Все победители,https://dzen.ru/media/id/6358cb994fee997bedba5cec/65ec1cee2142e61dcc0ba777,117,554,30,0,0,0,0,0,,,,0.05415162454873646,3.9,0.0,,2024-03,Saturday,11,3,0.05415162454873646,,0.0
2024-03-03 13:43:02.769,Видео,Зенит - Спартак • 19 тур РПЛ • Закономерная ничья,https://dzen.ru/media/id/6358cb994fee997bedba5cec/65e451f6a8c8392c33d765f9,2,55,3,0,0,0,0,0,,,,0.05454545454545454,0.6666666666666666,0.0,,2024-03,Sunday,13,3,0.05454545454545454,0.6666666666666666,0.0
2024-03-02 16:36:26.418,Видео,Кубок Английской футбольной лиги 1961-2024 Все победители,https://dzen.ru/media/id/6358cb994fee997bedba5cec/65e32a32bfdc3c600dd31d58,1072,14053,1040,0,0,0,0,0,,,,0.07400555041628122,1.0307692307692307,0.0,,2024-03,Saturday,16,3,0.07400555041628122,,0.0
2024-02-29 10:00:05.302,Ролик,Все победители Кубка Лиги Англии в 21 веке  #футбол #статистика #апл,https://dzen.ru/media/id/6358cb994fee997bedba5cec/65dfa835a2dbaa7ccf873f17,35,235,9,0,0,0,0,0,,,,0.03829787234042553,3.888888888888889,0.0,,2024-02,Thursday,10,2,0.03829787234042553,,0.0
2024-02-25 14:42:49.550,Видео,"Последние трансферы зимы в РПЛ #35 • Новички в Крыльях, Краснодаре, Рубине и ЦСКА • Дедлайн",https://dzen.ru/media/id/6358cb994fee997bedba5cec/65db254950518e6c97cd13be,2691,77678,1531,0,0,10,5,0,,,,0.019709570277298593,1.7576747224036577,0.0018580453363062058,,2024-02,Sunday,14,2,0.019709570277298593,,0.0018580453363062058
2024-02-22 09:29:18.950,Видео,Последние трансферы РПЛ #34 • Сочи и Балтика самые активные / Кого подпишет ЦСКА?,https://dzen.ru/media/id/6358cb994fee997bedba5cec/65d6e7ff021a5d4953ea13b7,3,59,3,0,0,0,0,0,,,,0.05084745762711865,1.0,0.0,,2024-02,Thursday,9,2,0.05084745762711865,1.0,0.0
2024-02-13 08:14:38.870,Видео,Кто пройдет дальше? • РБ Лейпциг - Реал Мадрид / Копенгаген - Манчестер Сити • Лига Чемпионов,https://dzen.ru/media/id/6358cb994fee997bedba5cec/65caf82b7d1da629383ba05f,4,104,9,0,0,0,0,0,,,,0.08653846153846154,0.4444444444444444,0.0,,2024-02,Tuesday,8,2,0.08653846153846154,0.4444444444444444,0.0
2024-02-11 15:00:39.686,Видео,Главные трансферы зимы 2024 #6 • Галатасарай взял нападающего и защитника / трансферы Брайтона,https://dzen.ru/media/id/6358cb994fee997bedba5cec/65c8b5ade13b2434bdc6bf2b,45,4317,19,0,0,0,0,0,,,,0.004401204540189946,2.3684210526315788,0.0,,2024-02,Sunday,15,2,0.004401204540189946,,0.0
2024-02-11 04:20:07.405,Видео,КБ Новости #22 • Спартак в поисках опорного полузащитника / ситуация с контрактом Джикии,https://dzen.ru/media/id/6358cb994fee997bedba5cec/65c81f54db1fd65e325c4948,1,69,3,0,0,0,0,0,,,,0.043478260869565216,0.3333333333333333,0.0,,2024-02,Sunday,4,2,0.043478260869565216,0.3333333333333333,0.0
2024-02-05 08:33:07.238,Видео,Главные трансферы зимы 2024 #5 • Лион усилился игроками из АПЛ / Челси отдает нападающего,https://dzen.ru/media/id/6358cb994fee997bedba5cec/65c06f7148a9aa7bceccaa6e,1,37,3,0,0,0,0,0,,,,0.08108108108108109,0.3333333333333333,0.0,,2024-02,Monday,8,2,0.08108108108108109,0.3333333333333333,0.0
2024-02-04 10:15:03.162,Видео,"Последние трансферы РПЛ #33 • Локомотив подписал балласт / Усиления Краснодара, Ростова и Сочи",https://dzen.ru/media/id/6358cb994fee997bedba5cec/65be9f22b349fb1468e1181e,2,67,3,0,0,0,0,0,,,,0.04477611940298507,0.6666666666666666,0.0,,2024-02,Sunday,10,2,0.04477611940298507,0.6666666666666666,0.0
2024-02-02 09:06:17.376,Видео,Главные трансферы зимы 2024 #4 • Усиления Лиона и Боруссии Дортмунд,https://dzen.ru/media/id/6358cb994fee997bedba5cec/65bc81d2e24d0e085855cb83,3,36,3,0,0,0,0,0,,,,0.08333333333333333,1.0,0.0,,2024-02,Friday,9,2,0.08333333333333333,1.0,0.0
2024-01-30 08:49:55.952,Видео,Последние трансферы РПЛ #32 • Защитник для Локомотива / Сочи полностью меняется,https://dzen.ru/media/id/6358cb994fee997bedba5cec/65b88bd6151a2105d89246a0,8,132,5,0,0,0,0,0,,,,0.03787878787878788,1.6,0.0,,2024-01,Tuesday,8,1,0.03787878787878788,,0.0
2024-01-29 09:12:42.626,Видео,Главные трансферы зимы 2024 #3 • Бавария подписала защитника / Атлетико купил молодого бельгийца,https://dzen.ru/media/id/6358cb994fee997bedba5cec/65b73f3a64c5ea13aaec918a,4,39,5,0,0,0,0,0,,,,0.1282051282051282,0.8,0.0,,2024-01,Monday,9,1,0.1282051282051282,0.8,0.0
2024-01-27 12:50:17.179,Видео,"КБ Новости #21 • 5 нападающих, которыми интересуется Спартак / Скоро первый трансфер",https://dzen.ru/media/id/6358cb994fee997bedba5cec/65b4cfce28512c617ceab643,1,20,1,0,0,0,0,0,,,,0.05,1.0,0.0,,2024-01,Saturday,12,1,0.05,1.0,0.0
2024-01-16 09:04:03.197,Видео,Последние трансферы РПЛ #31 • Лидер НН уезжает в Европу / защитник для ЦСКА / Ежов в Краснодар,https://dzen.ru/media/id/6358cb994fee997bedba5cec/65a6171088fc981c2b4aba58,0,23,0,0,0,0,0,0,,,,0.0,,,,2024-01,Tuesday,9,1,0.0,,
2024-01-14 14:08:25.391,Видео,Последние трансферы #15 • Тоттенхэм усиливается / Санчо вернулся в Боруссию #трансферы,https://dzen.ru/media/id/6358cb994fee997bedba5cec/65a3bd97d19d094d69393148,3,21,2,0,0,0,0,0,,,,0.09523809523809523,1.5,0.0,,2024-01,Sunday,14,1,0.09523809523809523,,0.0
2024-01-08 10:00:41.124,Видео,Последние трансферы РПЛ #30 • Усиления Зенита и Краснодара / Локомотив подписывает молодого таланта,https://dzen.ru/media/id/6358cb994fee997bedba5cec/659b3533f79ef86dc10582da,2,51,1,0,0,0,0,0,,,,0.0196078431372549,2.0,0.0,,2024-01,Monday,10,1,0.0196078431372549,,0.0
2024-01-06 10:00:43.411,Видео,Последние трансферы #14 • ПСЖ подписал защитника / Ман Сити покупает молодого таланта из Аргентины,https://dzen.ru/media/id/6358cb994fee997bedba5cec/6598907e52b09c112f2e56f8,2,263,3,0,0,0,0,0,,,,0.011406844106463879,0.6666666666666666,0.0,,2024-01,Saturday,10,1,0.011406844106463879,0.6666666666666666,0.0
2024-01-05 18:37:48.946,Видео,Трансферы Спартака в 2023 году - ИТОГИ,https://dzen.ru/media/id/6358cb994fee997bedba5cec/65981fc1eb35721ecbaeabc9,14,196,5,0,0,0,0,0,,,,0.025510204081632654,2.8,0.0,,2024-01,Friday,18,1,0.025510204081632654,,0.0
2024-01-02 09:59:48.455,Видео,Новый формат Лиги Чемпионов 2024 • Главные изменения в турнире,https://dzen.ru/media/id/6358cb994fee997bedba5cec/659319565c108b68ea75078c,22,352,7,0,0,0,0,0,,,,0.019886363636363636,3.142857142857143,0.0,,2024-01,Tuesday,9,1,0.019886363636363636,,0.0
2023-12-30 21:36:42.267,Видео,Последние Трансферы РПЛ #29 • Роналдо в Ростове / ЦСКА покупает защитника / Зенит ищет вингера,https://dzen.ru/media/id/6358cb994fee997bedba5cec/659060bc16f1ad2e3934247a,4,78,3,0,0,0,0,0,,,,0.038461538461538464,1.3333333333333333,0.0,,2023-12,Saturday,21,12,0.038461538461538464,,0.0
2023-12-23 14:55:41.925,Видео,Трансферы РПЛ #28 • ЦСКА купил нападающего / Новые бразилы в Зените / Усиление Краснодара,https://dzen.ru/media/id/6358cb994fee997bedba5cec/6586c84dbff6e67336328cc6,56,372,11,0,0,1,0,0,,,,0.02956989247311828,5.090909090909091,0.0,,2023-12,Saturday,14,12,0.02956989247311828,,0.0
2023-12-21 08:34:57.484,Видео,КБ Новости #20 • Первый трансфер / Новый спортивный директор / Сборы / Спартак 2 / Кто уйдет?,https://dzen.ru/media/id/6358cb994fee997bedba5cec/6583c6bc8d852b0638c91b13,1,17,4,0,0,0,0,0,,,,0.23529411764705882,0.25,0.0,,2023-12,Thursday,8,12,0.23529411764705882,0.25,0.0
2023-12-13 18:23:37.801,Видео,Таблица РПЛ за 2023 год,https://dzen.ru/media/id/6358cb994fee997bedba5cec/6579ca68e258fd146aefc0e2,157,5807,122,0,0,1,0,0,,,,0.021009126915791286,1.2868852459016393,0.0,,2023-12,Wednesday,18,12,0.021009126915791286,,0.0
2023-12-04 22:07:01.700,Видео,Ахмат - Спартак • 17 тур РПЛ • Удаление Абаскаля и второе поражение Спартака подряд,https://dzen.ru/media/id/6358cb994fee997bedba5cec/656e1ec1904c575fc90655b8,8,135,3,0,0,0,0,0,,,,0.022222222222222223,2.6666666666666665,0.0,,2023-12,Monday,22,12,0.022222222222222223,,0.0
2023-12-02 18:00:57.625,Видео,Последние трансферы РПЛ #27 • Ренан может уйти из Зенита / Спартак ищет нападающего,https://dzen.ru/media/id/6358cb994fee997bedba5cec/656b41b520ab034c339b438e,0,36,0,0,0,0,0,0,,,,0.0,,,,2023-12,Saturday,18,12,0.0,,
2023-11-30 10:45:20.397,Видео,Оренбург - Спартак • Кубок России 1/4 финала • Худший матч Спартака в 2023 году,https://dzen.ru/media/id/6358cb994fee997bedba5cec/656836aa654b6f493a5dd93d,8,299,7,0,0,0,0,0,,,,0.023411371237458192,1.1428571428571428,0.0,,2023-11,Thursday,10,11,0.023411371237458192,,0.0
2023-11-28 11:13:16.073,Видео,Итоги 16 ТУРа РПЛ • Меняется лидер / перестрелка Динамо и ЦСКА / Спасение Крыльев,https://dzen.ru/media/id/6358cb994fee997bedba5cec/65659a6388410d6f4a3e58d3,1,66,1,0,0,0,0,0,,,,0.015151515151515152,1.0,0.0,,2023-11,Tuesday,11,11,0.015151515151515152,1.0,0.0
2023-11-26 17:48:04.283,Видео,Балтика - Спартак • 16 тур РПЛ • Победа Спартака в снежном матче,https://dzen.ru/media/id/6358cb994fee997bedba5cec/6563563a84ef197690b8f353,36,448,24,0,0,0,0,0,,,,0.05357142857142857,1.5,0.0,,2023-11,Sunday,17,11,0.05357142857142857,,0.0
2023-11-25 10:00:28.969,Видео,"КБ Новости #19 • Трансферы, стадион, сборы и Балтика",https://dzen.ru/media/id/6358cb994fee997bedba5cec/6560ecf5d7bf3b4f90fd727a,1,258,0,0,0,0,0,0,,,,0.0,inf,0.0,,2023-11,Saturday,10,11,0.0,,0.0
2023-11-06 18:43:29.937,Видео,Локомотив - Спартак • 14 тур РПЛ • Спартак потерял очки,https://dzen.ru/media/id/6358cb994fee997bedba5cec/6549033bc174d94911edbe9e,2,25,7,0,0,0,0,0,,,,0.28,0.2857142857142857,0.0,,2023-11,Monday,18,11,0.28,0.2857142857142857,0.0
2023-11-05 18:01:44.938,Видео,Новости и Трансферы РПЛ • Жеребьевка Кубка / Матчи Сборной / Усиления Локомотива,https://dzen.ru/media/id/6358cb994fee997bedba5cec/6547aa2cc6ff143647c0a5de,1,11,1,0,0,0,0,0,,,,0.09090909090909091,1.0,0.0,,2023-11,Sunday,18,11,0.09090909090909091,1.0,0.0
2023-11-02 22:27:49.540,Видео,"Спартак - Краснодар • Кубок Росси, Путь РПЛ • Еще одно поражение",https://dzen.ru/media/id/6358cb994fee997bedba5cec/6543f256c7b9e23a9b3ec8a9,2,107,5,0,0,0,0,0,,,,0.04672897196261682,0.4,0.0,,2023-11,Thursday,22,11,0.04672897196261682,0.4,0.0
2023-10-31 10:54:14.150,Видео,Итоги 13 ТУРа РПЛ • Краснодар первый раз проиграл / ЦСКА и Динамо стремятся в тройку,https://dzen.ru/media/id/6358cb994fee997bedba5cec/6540ad301a4d481daf9a70ee,0,17,1,0,0,0,0,0,,,,0.058823529411764705,0.0,,,2023-10,Tuesday,10,10,0.058823529411764705,0.0,
2023-10-28 22:48:29.290,Видео,Факел - Спартак • 13 тур РПЛ • Факел уничтожил Спартак,https://dzen.ru/media/id/6358cb994fee997bedba5cec/653d5fb5db74aa09d43e61a5,25,180,17,0,0,0,0,0,,,,0.09444444444444444,1.4705882352941178,0.0,,2023-10,Saturday,22,10,0.09444444444444444,,0.0
2023-10-27 11:21:39.734,Видео,Новости РПЛ #3 • РФС / Судьи / ЭСК / Наши в Европе,https://dzen.ru/media/id/6358cb994fee997bedba5cec/653b6f877cf9f04fb5cd96db,0,50,0,0,0,0,0,0,,,,0.0,,,,2023-10,Friday,11,10,0.0,,
2023-10-24 10:26:50.895,Видео,Итоги 12 ТУРа РПЛ • Зенит второй / Краснодар теряет очки / Неожиданные победы Сочи и Факела,https://dzen.ru/media/id/6358cb994fee997bedba5cec/65376c07e77c8e44bcfa6254,2,25,1,0,0,0,0,0,,,,0.04,2.0,0.0,,2023-10,Tuesday,10,10,0.04,,0.0
2023-10-22 21:48:34.595,Видео,Спартак - Пари НН • 12 тур РПЛ • Спартак провел лучший первый тайм в этом году и заслуженно победил,https://dzen.ru/media/id/6358cb994fee997bedba5cec/6535687062de4145e75fe735,13,264,11,0,0,0,0,0,,,,0.041666666666666664,1.1818181818181819,0.0,,2023-10,Sunday,21,10,0.041666666666666664,,0.0
2023-10-10 09:39:33.656,Видео,Спартак - ЦСКА • 11 тур РПЛ • Кризисное дерби и троянский конь,https://dzen.ru/media/id/6358cb994fee997bedba5cec/6524ebc85fe0392598ed90e1,12,87,9,0,0,0,0,0,,,,0.10344827586206896,1.3333333333333333,0.0,,2023-10,Tuesday,9,10,0.10344827586206896,,0.0
2023-10-07 14:03:11.543,Видео,Новости РПЛ #2 • Сборная России / ФИФА УЕФА / Наши в Еврокубках / Кубок России / Трансфермаркт,https://dzen.ru/media/id/6358cb994fee997bedba5cec/652135c15828137eff5bd613,189,899,30,0,0,0,0,0,,,,0.03337041156840934,6.3,0.0,,2023-10,Saturday,14,10,0.03337041156840934,,0.0
2023-10-05 09:50:30.105,Видео,"Динамо - Спартак • Кубок Росси, Путь РПЛ • Спартак проиграл разгромно второй матч подряд",https://dzen.ru/media/id/6358cb994fee997bedba5cec/651e563df5a8a9763f897eb8,29,717,13,0,0,0,0,0,,,,0.01813110181311018,2.230769230769231,0.0,,2023-10,Thursday,9,10,0.01813110181311018,,0.0
2023-10-04 10:09:04.714,Видео,Итоги 10 ТУРа РПЛ • Зенит проиграл Оренбургу / Локомотив в тройке / ЦСКА и Факел победили,https://dzen.ru/media/id/6358cb994fee997bedba5cec/651d090a8f1af14fe31980f9,4,40,2,0,0,0,0,0,,,,0.05,2.0,0.0,,2023-10,Wednesday,10,10,0.05,,0.0
2023-10-03 09:58:59.097,Видео,"Крылья Советов - Спартак • 10 тур РПЛ • Абаскаль, пора домой",https://dzen.ru/media/id/6358cb994fee997bedba5cec/651bb55e9e2a306e57500c76,3,106,7,0,0,0,0,0,,,,0.0660377358490566,0.42857142857142855,0.0,,2023-10,Tuesday,9,10,0.0660377358490566,0.42857142857142855,0.0
2023-09-30 09:00:17.056,Видео,"Новости РПЛ #1 • Кубок России / Сборная и УЕФА / Трансферы / Промес, Игнатов, Захарян",https://dzen.ru/media/id/6358cb994fee997bedba5cec/6517061a227df128dfd0dabf,4,93,4,0,0,0,0,0,,,,0.043010752688172046,1.0,0.0,,2023-09,Saturday,9,9,0.043010752688172046,1.0,0.0
2023-09-26 10:35:44.074,Видео,Итоги 9 тура РПЛ • Зенит проиграл / Дырявый ЦСКА / Крылья и Краснодар хороши,https://dzen.ru/media/id/6358cb994fee997bedba5cec/6512843cb3b3fe1c272ba10f,2,24,4,0,0,0,0,0,,,,0.16666666666666666,0.5,0.0,,2023-09,Tuesday,10,9,0.16666666666666666,0.5,0.0
2023-09-24 18:04:27.675,Видео,Спартак - Динамо • 9 тур РПЛ • Спартак показывает признаки стабильности?,https://dzen.ru/media/id/6358cb994fee997bedba5cec/651048dad32feb23a4b38070,7,45,19,0,0,0,0,0,,,,0.4222222222222222,0.3684210526315789,0.0,,2023-09,Sunday,18,9,0.4222222222222222,0.3684210526315789,0.0
2023-09-21 10:21:23.293,Видео,Пари НН - Спартак • 4 тур Пути РПЛ Кубка России • Промес лучший игрок в России,https://dzen.ru/media/id/6358cb994fee997bedba5cec/650be86e2b14135049a8e7ee,19,666,4,0,0,0,0,0,,,,0.006006006006006006,4.75,0.0,,2023-09,Thursday,10,9,0.006006006006006006,,0.0
2023-09-19 11:26:22.356,Видео,Итоги 8 тура РПЛ • Зенит догоняет Краснодар / Камбэк ЦСКА и Балтики / Ничейный тур,https://dzen.ru/media/id/6358cb994fee997bedba5cec/650955d6dcd2a47a732f55fa,17,180,14,0,0,0,0,0,,,,0.07777777777777778,1.2142857142857142,0.0,,2023-09,Tuesday,11,9,0.07777777777777778,,0.0
2023-09-17 16:27:43.476,Видео,Спартак - Сочи • 8 тур РПЛ • Невзрачная победа,https://dzen.ru/media/id/6358cb994fee997bedba5cec/6506fa5d0b441c1b591e39f4,0,86,1,0,0,0,0,0,,,,0.011627906976744186,0.0,,,2023-09,Sunday,16,9,0.011627906976744186,0.0,
2023-09-16 15:21:04.071,Видео,"Последние трансферы РПЛ этого лета • Мощная закупка Рубина, странный трансфер Зенита, Нападающий в ЛОКО",https://dzen.ru/media/id/6358cb994fee997bedba5cec/6505966561529f0991d31ad0,2,55,2,0,0,0,0,0,,,,0.03636363636363636,1.0,0.0,,2023-09,Saturday,15,9,0.03636363636363636,1.0,0.0
2023-09-12 14:08:00.162,Видео,"Последние Трансферы РПЛ #25 • Новички Динамо, Усиление НН, переезд Шапи",https://dzen.ru/media/id/6358cb994fee997bedba5cec/6500420486c8cc754144b566,13,112,4,0,0,0,0,0,,,,0.03571428571428571,3.25,0.0,,2023-09,Tuesday,14,9,0.03571428571428571,,0.0
2023-09-04 12:28:16.578,Видео,"7 тур РПЛ • Краснодар удерживает лидерство, ЦСКА и Зенит разошлись миром, Локомотив в пятерке",https://dzen.ru/media/id/6358cb994fee997bedba5cec/64f59a3a1c374956c7e6250b,3,29,2,0,0,0,0,0,,,,0.06896551724137931,1.5,0.0,,2023-09,Monday,12,9,0.06896551724137931,,0.0
2023-09-03 11:15:42.261,Видео,Краснодар - Спартак • 7 тур РПЛ • Победа на классе • Спартак теперь середняк,https://dzen.ru/media/id/6358cb994fee997bedba5cec/64f43c796d213b43ba381420,4,52,1,0,0,0,0,0,,,,0.019230769230769232,4.0,0.0,,2023-09,Sunday,11,9,0.019230769230769232,,0.0
2023-09-02 10:31:29.873,Видео,КБ Новости #18 • Бальде Кейта и Шамар Николсон ушли,https://dzen.ru/media/id/6358cb994fee997bedba5cec/64f2e2f25d254b7d07d93d10,0,7,0,0,0,0,0,0,,,,0.0,,,,2023-09,Saturday,10,9,0.0,,
2023-09-01 08:40:44.589,Видео,"Главные трансферы недели #13 • Лукаку нашли клуб, еще один трансфер Челси, молодой Грузин в Аяксе",https://dzen.ru/media/id/6358cb994fee997bedba5cec/64f177a2fedbf0549220d18d,1,51,1,0,0,0,0,0,,,,0.0196078431372549,1.0,0.0,,2023-09,Friday,8,9,0.0196078431372549,1.0,0.0
2023-08-31 08:43:14.657,Видео,Спартак - Динамо • Кубок России • Абаскаль ответил критикам,https://dzen.ru/media/id/6358cb994fee997bedba5cec/64f0269b31101e7f228d0677,2,24,1,0,0,0,0,0,,,,0.041666666666666664,2.0,0.0,,2023-08,Thursday,8,8,0.041666666666666664,,0.0
2023-08-29 09:02:40.431,Видео,"Главные трансферы недели #12 • Вест Хэм подписал Топа, Ман Сити нашли замену Марезу, Канселу в Барсе",https://dzen.ru/media/id/6358cb994fee997bedba5cec/64ed8573fd9f772853edda91,0,27,0,0,0,0,0,0,,,,0.0,,,,2023-08,Tuesday,9,8,0.0,,
2023-08-28 11:47:32.962,Видео,"6 тур РПЛ • ЦСКА отскочил, Зенит на втором месте, много ничьих",https://dzen.ru/media/id/6358cb994fee997bedba5cec/64ec5a25bc3bf63c2ed00e36,3211,91738,1336,0,0,10,1,0,,,,0.014563212627264602,2.4034431137724552,0.0003114294612270321,,2023-08,Monday,11,8,0.014563212627264602,,0.0003114294612270321
2023-08-27 11:07:51.620,Видео,Спартак - Ахмат • 6 тур РПЛ • Спартак спас очко,https://dzen.ru/media/id/6358cb994fee997bedba5cec/64eaffa2bc3bf63c2ec44bf3,2,29,5,0,0,0,0,0,,,,0.1724137931034483,0.4,0.0,,2023-08,Sunday,11,8,0.1724137931034483,0.4,0.0
2023-08-25 09:08:35.477,Видео,"Последние Трансферы РПЛ #24 • Зенит ищет усиление, Новички ЦСКА и Динамо",https://dzen.ru/media/id/6358cb994fee997bedba5cec/64e840474a116e5605cfcce1,0,17,4,0,0,0,0,0,,,,0.23529411764705882,0.0,,,2023-08,Friday,9,8,0.23529411764705882,0.0,
2023-08-24 11:33:35.232,Видео,"Главные трансферы недели #11 | Челси и Ливерпуль нашли опорника, Дзаньоло в Астон Вилле",https://dzen.ru/media/id/6358cb994fee997bedba5cec/64e70d60f832776fd1c390ca,1,13,1,0,0,0,0,0,,,,0.07692307692307693,1.0,0.0,,2023-08,Thursday,11,8,0.07692307692307693,1.0,0.0
2023-08-21 09:03:40.587,Видео,"Спартак - Зенит / 5 тур РПЛ / Абаскаль не меняется, пора домой?",https://dzen.ru/media/id/6358cb994fee997bedba5cec/64e2fa3c028d6e3845be229e,5,36,3,0,0,0,0,0,,,,0.08333333333333333,1.6666666666666667,0.0,,2023-08,Monday,9,8,0.08333333333333333,,0.0
2023-08-20 16:40:19.453,Видео,"Волевая победа Динамо / Краснодар потерял очки / Победы Рубина, Сочи и Урала • Обзор 5 тура РПЛ",https://dzen.ru/media/id/6358cb994fee997bedba5cec/64e210523ff98d70861a3157,1,47,3,0,0,0,0,0,,,,0.06382978723404255,0.3333333333333333,0.0,,2023-08,Sunday,16,8,0.06382978723404255,0.3333333333333333,0.0
2023-08-20 08:59:44.554,Видео,Спартак подписал центрального защитника • Спартак - Зенит перед матчем • КБ Новости 17,https://dzen.ru/media/id/6358cb994fee997bedba5cec/64e14814ca10f739acd99e3d,0,19,2,0,0,0,0,0,,,,0.10526315789473684,0.0,,,2023-08,Sunday,8,8,0.10526315789473684,0.0,
2023-08-18 09:16:11.212,Видео,"Последние Трансферы РПЛ #23 • Захарян покидает Динамо / Новички Балтики, Факела и Краснодара",https://dzen.ru/media/id/6358cb994fee997bedba5cec/64df03f42a8b760abae45507,2,74,1,0,0,0,0,0,,,,0.013513513513513514,2.0,0.0,,2023-08,Friday,9,8,0.013513513513513514,,0.0
2023-08-15 12:14:00.892,Видео,Новые трансфер #10 | Реал нашел замену Куртуа / Кейн свободен / Брайтон зарабатывает на Челси,https://dzen.ru/media/id/6358cb994fee997bedba5cec/64db38cddf71b80d9e412f9a,0,18,2,0,0,0,0,0,,,,0.1111111111111111,0.0,,,2023-08,Tuesday,12,8,0.1111111111111111,0.0,
2023-08-14 15:37:53.276,Видео,ЦСКА - Сочи / Динамо - Балтика / Зенит - Факел / 4 тур РПЛ / Фавориты одержали победы,https://dzen.ru/media/id/6358cb994fee997bedba5cec/64da1436d45a595e749affe3,0,76,1,0,0,0,0,0,,,,0.013157894736842105,0.0,,,2023-08,Monday,15,8,0.013157894736842105,0.0,
2023-08-13 16:07:16.456,Видео,Локомотив отскочил / Краснодар лидер / Ростов разгромил Рубин / Обзор 4 тура РПЛ,https://dzen.ru/media/id/6358cb994fee997bedba5cec/64d8ccdfa14ed76cfbc8eae4,3,46,1,0,0,0,0,0,,,,0.021739130434782608,3.0,0.0,,2023-08,Sunday,16,8,0.021739130434782608,,0.0
2023-08-12 15:48:17.476,Видео,Главные причины поражение Спартака / Урал - Спартак / 4 тур РПЛ / #спартак,https://dzen.ru/media/id/6358cb994fee997bedba5cec/64d77b3c9e590127fb26f7cb,3,74,5,0,0,0,0,0,,,,0.06756756756756757,0.6,0.0,,2023-08,Saturday,15,8,0.06756756756756757,0.6,0.0
2023-08-09 23:57:41.499,Видео,Огненный матч / Спартак - Нижний Новгород / Кубок России,https://dzen.ru/media/id/6358cb994fee997bedba5cec/64d3f9d15775370087bebfcc,19,205,14,0,0,0,0,0,,,,0.06829268292682927,1.3571428571428572,0.0,,2023-08,Wednesday,23,8,0.06829268292682927,,0.0
2023-08-08 11:55:00.932,Видео,Новые Трансферы #9 • ПСЖ взял нападающего / Усиления Челси / Трубин в Бенфике,https://dzen.ru/media/id/6358cb994fee997bedba5cec/64d1f6d34a27621bc26fd511,364,24197,173,0,0,0,1,0,,,,0.007149646650411208,2.1040462427745665,0.0027472527472527475,,2023-08,Tuesday,11,8,0.007149646650411208,,0.0027472527472527475
2023-08-07 09:25:55.774,Видео,Динамо наказало Зенит / Крылья Советов удивляют / ЦСКА разгромил Локомотив / Обзор 3 тура РПЛ,https://dzen.ru/media/id/6358cb994fee997bedba5cec/64d087c2d1abe7562184f15b,6,92,7,0,0,0,0,0,,,,0.07608695652173914,0.8571428571428571,0.0,,2023-08,Monday,9,8,0.07608695652173914,0.8571428571428571,0.0
2023-08-06 12:38:32.856,Видео,Лучший матч Спартака в 2023 году / Рубин - Спартак / 3 тур РПЛ,https://dzen.ru/media/id/6358cb994fee997bedba5cec/64cf665370a09b2401650e66,45,597,23,0,0,0,1,0,,,,0.038525963149078725,1.9565217391304348,0.022222222222222223,,2023-08,Sunday,12,8,0.038525963149078725,,0.022222222222222223
2023-08-05 17:31:17.411,Видео,"Последние Трансферы РПЛ #22 • Первый новичок ЦСКА, Краснодар и Динамо усиливаются легионерами",https://dzen.ru/media/id/6358cb994fee997bedba5cec/64ce582d4a27621bc258cba0,2,31,2,0,0,0,0,0,,,,0.06451612903225806,1.0,0.0,,2023-08,Saturday,17,8,0.06451612903225806,1.0,0.0
2023-08-03 10:49:21.000,Пост,"В Спартак едет крайний защитник, который должен решить все проблемы в обороне…",https://dzen.ru/media/id/6358cb994fee997bedba5cec/64cb5c023463b364f959981b,0,14,0,0,0,0,0,0,,,,0.0,,,,2023-08,Thursday,10,8,0.0,,
2023-08-03 09:35:09.821,Видео,Олег Рябчук едет в Спартак • КБ Новости #16 • Сравнение Рябчука и Хлусевича • Трансферные слухи,https://dzen.ru/media/id/6358cb994fee997bedba5cec/64cb4513fce7a913ffc6e563,1,20,1,0,0,0,0,0,,,,0.05,1.0,0.0,,2023-08,Thursday,9,8,0.05,1.0,0.0
2023-08-01 09:14:00.306,Видео,Спартак - Балтика • 2 тур РПЛ 2023/2024 • Победа Спартака не добавляет уверенности,https://dzen.ru/media/id/6358cb994fee997bedba5cec/64c89c72a2c302494ef10d0f,20,230,6,0,0,0,0,0,,,,0.02608695652173913,3.3333333333333335,0.0,,2023-08,Tuesday,9,8,0.02608695652173913,,0.0
2023-07-31 09:19:18.602,Видео,"Главные трансферы недели #8 • Милан продолжает закупаться, Манчестер Юнайтед нашел форварда",https://dzen.ru/media/id/6358cb994fee997bedba5cec/64c74b7790fd673f52a202c8,0,21,0,0,0,0,0,0,,,,0.0,,,,2023-07,Monday,9,7,0.0,,
2023-07-25 08:51:15.767,Видео,"Главные события 1 тура РПЛ 2023/2024 • ЦСКА нужно усиление, Зенит не убеждает, Рубин удивил",https://dzen.ru/media/id/6358cb994fee997bedba5cec/64bf601de1a6651a255f4056,1222,33287,1582,0,0,0,3,0,,,,0.047526061225102896,0.7724399494310998,0.0024549918166939444,,2023-07,Tuesday,8,7,0.047526061225102896,0.7724399494310998,0.0024549918166939444
2023-07-24 09:09:05.026,Видео,"Главные трансферы недели #7 • Закупка Бернли, Усиления Милана, Еще один сильный трансфер Астон Виллы",https://dzen.ru/media/id/6358cb994fee997bedba5cec/64be0c625fb9b765ea80af6a,0,19,1,0,0,0,0,0,,,,0.05263157894736842,0.0,,,2023-07,Monday,9,7,0.05263157894736842,0.0,
2023-07-24 02:15:11.302,Видео,Спартак - Оренбург • 1 тур РПЛ 2023/2024 • Спартак начал сезон с волевой победы,https://dzen.ru/media/id/6358cb994fee997bedba5cec/64bdae1680d903121e00e40e,3,7,6,0,0,0,0,0,,,,0.8571428571428571,0.5,0.0,,2023-07,Monday,2,7,0.8571428571428571,0.5,0.0
2023-07-22 12:30:17.004,Видео,"Новые Трансферы РПЛ #21 • Бразильцы Зенита, опорник для Динамо, усиление для ЦСКА",https://dzen.ru/media/id/6358cb994fee997bedba5cec/64bb9c11d6398960e8e51ac5,0,13,0,0,0,0,0,0,,,,0.0,,,,2023-07,Saturday,12,7,0.0,,
2023-07-20 08:41:47.679,Видео,КБ Новости #14 • перед матчем Спартак - Оренбург + Трансферы,https://dzen.ru/media/id/6358cb994fee997bedba5cec/64b8c38bb0aae42b42efa8d3,2,38,0,0,0,0,0,0,,,,0.0,inf,0.0,,2023-07,Thursday,8,7,0.0,,0.0
2023-07-17 08:54:46.368,Видео,"Главные трансферы недели #6 • Распродажа в Челси продолжается, рекордный трансфер от РБ Лейпциг",https://dzen.ru/media/id/6358cb994fee997bedba5cec/64b4d156682d3d25e14ee0c7,1,21,4,0,0,0,0,0,,,,0.19047619047619047,0.25,0.0,,2023-07,Monday,8,7,0.19047619047619047,0.25,0.0
2023-07-16 18:43:40.094,Видео,Суперкубок России по футболу | 2003 - 2023 | Все победители,https://dzen.ru/media/id/6358cb994fee997bedba5cec/64b40f71fff5626738d0768e,710,18489,139,0,0,2,1,0,,,,0.007517983665963546,5.107913669064748,0.0014084507042253522,,2023-07,Sunday,18,7,0.007517983665963546,,0.0014084507042253522
2023-07-15 08:00:00.857,Видео,"Последние Трансферы РПЛ #20 • ТОП футболист для ЦСКА, Кузяев уехал в ЕВРОПУ, Захарян следующий?",https://dzen.ru/media/id/6358cb994fee997bedba5cec/64b1d483cd6be9109989c4ca,16,242,6,0,0,0,0,0,,,,0.024793388429752067,2.6666666666666665,0.0,,2023-07,Saturday,8,7,0.024793388429752067,,0.0
2023-07-13 09:22:12.318,Видео,"КБ Новости 14 • Первые новички, потенциальные трансферы и слухи",https://dzen.ru/media/id/6358cb994fee997bedba5cec/64af926ef5365d1d1b5ef0e9,0,4,0,0,0,0,0,0,,,,0.0,,,,2023-07,Thursday,9,7,0.0,,
2023-07-11 09:01:51.660,Видео,"Главные трансферы недели #5 • ПСЖ закупается, еще одно усиление Арсенала, Молодой талант в Реале",https://dzen.ru/media/id/6358cb994fee997bedba5cec/64ace84f53fb25721a8dcc22,1,40,0,0,0,0,0,0,,,,0.0,inf,0.0,,2023-07,Tuesday,9,7,0.0,,0.0
2023-07-10 09:15:21.361,Видео,"Последние Трансферы РПЛ #19 • ЦСКА ищет усиление, Фернандес и Зенит",https://dzen.ru/media/id/6358cb994fee997bedba5cec/64ab01db080689675954a595,4850,144788,4767,0,0,8,7,0,,,,0.03292399922645523,1.0174113698342773,0.001443298969072165,,2023-07,Monday,9,7,0.03292399922645523,,0.001443298969072165
2023-07-07 15:38:57.000,Пост,"Не думал, что когда-нибудь увижу такое, но это случилось. Из ЦСКА в Спартак…",https://dzen.ru/media/id/6358cb994fee997bedba5cec/64a80761d84d7037d4eecb30,0,14,0,0,0,0,0,0,,,,0.0,,,,2023-07,Friday,15,7,0.0,,
2023-07-07 09:48:37.510,Видео,"КБ Новости #13 • Спартак ищет звезду, трансферные слухи",https://dzen.ru/media/id/6358cb994fee997bedba5cec/64a7b17cec43747a7a4a39d7,0,13,0,0,0,0,0,0,,,,0.0,,,,2023-07,Friday,9,7,0.0,,
2023-07-05 23:59:51.019,Видео,Торпедо - Спартак 2-2 / Товарищеский матч 2023 / 2 гола Виктора Мозеса,https://dzen.ru/media/id/6358cb994fee997bedba5cec/64a5d9045e265b28f3ce8540,2,44,3,0,0,0,0,0,,,,0.06818181818181818,0.6666666666666666,0.0,,2023-07,Wednesday,23,7,0.06818181818181818,0.6666666666666666,0.0
2023-07-04 09:16:09.131,Видео,"Последние Трансферы РПЛ #18 • Клаудиньо интересен Фламенго, Рубин усиливается, наши в Европе",https://dzen.ru/media/id/6358cb994fee997bedba5cec/64a3b0524c574956ac88fe46,1926,27481,2527,0,0,1,5,0,,,,0.0919544412503184,0.7621685793430946,0.002596053997923157,,2023-07,Tuesday,9,7,0.0919544412503184,0.7621685793430946,0.002596053997923157
2023-07-03 09:06:37.812,Видео,"Главные трансферы недели #4 • Арсенал обошел Сити, Ливерпуль усиливается, Мэдисон спасет Тоттенхэм?",https://dzen.ru/media/id/6358cb994fee997bedba5cec/64a25e6f939a601a8d2607a7,1,16,0,0,0,0,0,0,,,,0.0,inf,0.0,,2023-07,Monday,9,7,0.0,,0.0
2023-07-02 16:55:55.000,Пост,Форвард «Фламенго» и сборной Бразилии  Барбоза может продолжить карьеру в РПЛ…,https://dzen.ru/media/id/6358cb994fee997bedba5cec/64a181ecd84d7037d4ebe2b0,0,15,0,0,0,0,0,0,,,,0.0,,,,2023-07,Sunday,16,7,0.0,,
2023-07-01 15:38:21.516,Видео,КБ Новости 12 • Первый трансфер Спартака. Успех или Провал?,https://dzen.ru/media/id/6358cb994fee997bedba5cec/64a01b9f77a923534a9e9d59,6,112,2,0,0,0,0,0,,,,0.017857142857142856,3.0,0.0,,2023-07,Saturday,15,7,0.017857142857142856,,0.0
2023-06-29 09:38:28.560,Видео,"Последние Трансферы РПЛ #17 • Чалов может отправиться в Грецию, Бразильцы Зенита могут уйти",https://dzen.ru/media/id/6358cb994fee997bedba5cec/649d24d13eb1fc69cc11142a,0,23,1,0,0,0,0,0,,,,0.043478260869565216,0.0,,,2023-06,Thursday,9,6,0.043478260869565216,0.0,
2023-06-26 09:06:22.373,Видео,"Главный трансферы недели #3 • Челси самый активный на рынке, Не очевидный выбор Тонали и Невеша",https://dzen.ru/media/id/6358cb994fee997bedba5cec/64992647b13ccb08001afd8f,560,42161,208,0,0,0,2,0,,,,0.004933469319987666,2.6923076923076925,0.0035714285714285713,,2023-06,Monday,9,6,0.004933469319987666,,0.0035714285714285713
2023-06-24 14:27:09.878,Видео,"Последние Трансферы РПЛ #16 • Возвращение Марио, Зениту интересен еще один Бразилец, Активный Сочи",https://dzen.ru/media/id/6358cb994fee997bedba5cec/6496ce37586441368df13c25,4931,153422,4004,0,0,5,7,0,,,,0.02609795205381236,1.2315184815184814,0.001419590346785642,,2023-06,Saturday,14,6,0.02609795205381236,,0.001419590346785642
2023-06-22 08:44:41.872,Видео,"КБ Новости #11 • Пресс-конференция нового генерального Директора, Трансферы и новости",https://dzen.ru/media/id/6358cb994fee997bedba5cec/6493de00cbe3734216082935,0,4,0,0,0,0,0,0,,,,0.0,,,,2023-06,Thursday,8,6,0.0,,
2023-06-19 09:00:14.042,Видео,"Главный трансферы недели #2 • Брайтон укрепляет центр, Кто заменит Осимхена? Выкупы Тоттенхэма",https://dzen.ru/media/id/6358cb994fee997bedba5cec/648fe78dcf2e5002d552607e,0,16,0,0,0,0,0,0,,,,0.0,,,,2023-06,Monday,9,6,0.0,,
2023-06-17 14:34:18.414,Видео,"Последние Трансферы РПЛ #15 • Чалов и Захарян интересны в Европе, Краснодар легко отдает игроков",https://dzen.ru/media/id/6358cb994fee997bedba5cec/648d952903e5b546e31a5799,6,98,6,0,0,0,0,0,,,,0.061224489795918366,1.0,0.0,,2023-06,Saturday,14,6,0.061224489795918366,1.0,0.0
2023-06-15 09:00:18.703,Видео,"КБ Новости #10 • Мележиков и Эшуорт покидают Спартак, Трансферные слухи",https://dzen.ru/media/id/6358cb994fee997bedba5cec/648aa79ff205df6eb7285a41,2,12,2,0,0,0,0,0,,,,0.16666666666666666,1.0,0.0,,2023-06,Thursday,9,6,0.16666666666666666,1.0,0.0
2023-06-13 08:53:21.634,Видео,Кубок России - 1992-2023 - Все победители,https://dzen.ru/media/id/6358cb994fee997bedba5cec/648803af8cde1a1137d6fb66,753,12982,151,0,0,1,1,0,,,,0.011631489755045448,4.986754966887418,0.0013280212483399733,,2023-06,Tuesday,8,6,0.011631489755045448,,0.0013280212483399733
2023-06-12 14:47:09.604,Видео,"Главный трансферы недели #1 • Месси в МЛС, Неожиданный выбор Тилеманса, Топ трансфер Ливерпуля",https://dzen.ru/media/id/6358cb994fee997bedba5cec/6486fdc4dfaba6448d8e5c32,390,3429,470,0,0,0,0,0,,,,0.13706620005832604,0.8297872340425532,0.0,,2023-06,Monday,14,6,0.13706620005832604,0.8297872340425532,0.0
2023-06-11 10:29:44.625,Видео,Все победители Лиги Чемпионов УЕФА - 1955-2023,https://dzen.ru/media/id/6358cb994fee997bedba5cec/648574865208a65c0453cec0,1039,20982,827,0,0,0,1,0,,,,0.03941473644075875,1.256348246674728,0.0009624639076034649,,2023-06,Sunday,10,6,0.03941473644075875,,0.0009624639076034649
2023-06-10 15:13:04.247,Видео,"Последние Трансферы РПЛ #14 • Сперцян уедет в Европу, Распродажа в Локомотиве, Закупка Оренбурга",https://dzen.ru/media/id/6358cb994fee997bedba5cec/648462cb5208a65c043a67b1,1,35,1,0,0,0,0,0,,,,0.02857142857142857,1.0,0.0,,2023-06,Saturday,15,6,0.02857142857142857,1.0,0.0
2023-06-05 08:30:29.148,Видео,"Главные события 30 тура РПЛ 2022/2023 • Результаты и таблица • ЦСКА второй, Факел и НН в стыки",https://dzen.ru/media/id/6358cb994fee997bedba5cec/647d70ff89c7db13da05a48f,10,123,3,0,0,0,0,0,,,,0.024390243902439025,3.3333333333333335,0.0,,2023-06,Monday,8,6,0.024390243902439025,,0.0
2023-06-04 10:45:47.754,Видео,Крылья Советов - Спартак • 30 тур РПЛ • Абаскаля уволить или оставить?,https://dzen.ru/media/id/6358cb994fee997bedba5cec/647c401da22ad8563ea61e8b,1,31,1,0,0,0,0,0,,,,0.03225806451612903,1.0,0.0,,2023-06,Sunday,10,6,0.03225806451612903,1.0,0.0
2023-06-02 08:40:35.251,Видео,"Последние Трансферы РПЛ #13 • Вендел может уехать, спрос на Конате, активный Локомотив",https://dzen.ru/media/id/6358cb994fee997bedba5cec/64797ad0aa42181304019226,3,86,4,0,0,0,0,0,,,,0.046511627906976744,0.75,0.0,,2023-06,Friday,8,6,0.046511627906976744,0.75,0.0
2023-05-30 20:40:35.712,Видео,"Главные события 29 тура РПЛ 2022/2023 • Ростов возвращается, Спартак и ЦСКА теряют очки",https://dzen.ru/media/id/6358cb994fee997bedba5cec/647630d52980e21841ca0c20,1,18,1,0,0,0,0,0,,,,0.05555555555555555,1.0,0.0,,2023-05,Tuesday,20,5,0.05555555555555555,1.0,0.0
2023-05-28 23:59:21.726,Видео,Спартак - Нижний Новгород • 29 тур РПЛ • Спартак не дожал до второго места,https://dzen.ru/media/id/6358cb994fee997bedba5cec/6473bc6febc509490b64f741,0,55,2,0,0,0,0,0,,,,0.03636363636363636,0.0,,,2023-05,Sunday,23,5,0.03636363636363636,0.0,
2023-05-26 09:16:42.262,Видео,КБ Новости #9 • Спартак ищет усиление в РПЛ • Последние новости и трансферы,https://dzen.ru/media/id/6358cb994fee997bedba5cec/64704a77700e18208271f521,28,253,10,0,0,0,0,0,,,,0.039525691699604744,2.8,0.0,,2023-05,Friday,9,5,0.039525691699604744,,0.0
2023-05-23 08:38:39.708,Видео,"Главные события 28 тура РПЛ 2022/2023 • В зоне стыков обостряется борьба, Ростов опускается все ниже",https://dzen.ru/media/id/6358cb994fee997bedba5cec/646c49e66df6d47310db94cb,3,35,1,0,0,0,0,0,,,,0.02857142857142857,3.0,0.0,,2023-05,Tuesday,8,5,0.02857142857142857,,0.0
2023-05-22 08:45:45.667,Видео,"Спартак - ЦСКА • 28 тур РПЛ • Спартак будет вторым, Соболев подвел команду",https://dzen.ru/media/id/6358cb994fee997bedba5cec/646afcbb6df6d47310b5cbdd,3,37,2,0,0,0,0,0,,,,0.05405405405405406,1.5,0.0,,2023-05,Monday,8,5,0.05405405405405406,,0.0
2023-05-20 13:48:24.173,Видео,"Последние Трансферы РПЛ #12 • у ДЗЮБЫ есть варианты, распродажа в Крыльях, Динамо ищет тренера",https://dzen.ru/media/id/6358cb994fee997bedba5cec/64689ff4bd80f237b18cbc8e,6,129,7,0,0,0,0,0,,,,0.05426356589147287,0.8571428571428571,0.0,,2023-05,Saturday,13,5,0.05426356589147287,0.8571428571428571,0.0
2023-05-16 08:45:07.322,Видео,"Главные события 27 тура РПЛ 2022/2023 • Факел продолжает побеждать, Ахмат скоро обгонит Спартак",https://dzen.ru/media/id/6358cb994fee997bedba5cec/64629dd778239635b551bf27,6,105,1,0,0,0,0,0,,,,0.009523809523809525,6.0,0.0,,2023-05,Tuesday,8,5,0.009523809523809525,,0.0
2023-05-14 11:18:25.986,Видео,Чемпионат России по футболу - 1992-2023 - Все победители и призеры,https://dzen.ru/media/id/6358cb994fee997bedba5cec/6460981f248d2a6d3c38becd,3126,74147,824,0,0,12,5,0,,,,0.011113059193224271,3.7936893203883497,0.001599488163787588,,2023-05,Sunday,11,5,0.011113059193224271,,0.001599488163787588
2023-05-13 23:45:07.673,Видео,Химки - Спартак • 27 тур РПЛ • Спартак не смог обыграть Химки,https://dzen.ru/media/id/6358cb994fee997bedba5cec/645ff167597f3706f97f40f0,1,10,0,0,0,0,0,0,,,,0.0,inf,0.0,,2023-05,Saturday,23,5,0.0,,0.0
2023-05-11 23:53:32.364,Видео,"КБ Новости #8 • Спартак выбирает ""десяткку"" • Последние новости и трансферы",https://dzen.ru/media/id/6358cb994fee997bedba5cec/645d51fd4116ef6c64d28e4f,0,39,0,0,0,0,0,0,,,,0.0,,,,2023-05,Thursday,23,5,0.0,,
2023-05-09 16:16:35.362,Видео,"Главные события 26 тура РПЛ 2022/2023 • Факел сотворил главную сенсацию, ЦСКА второй, Зенит Чемпион",https://dzen.ru/media/id/6358cb994fee997bedba5cec/645a3643a7f6be3de15e9c8d,27,340,10,0,0,0,0,0,,,,0.029411764705882353,2.7,0.0,,2023-05,Tuesday,16,5,0.029411764705882353,,0.0
2023-05-08 11:21:22.342,Видео,Зенит - Спартак • 26 тур РПЛ • Спартак играл лучше Зенита,https://dzen.ru/media/id/6358cb994fee997bedba5cec/6458abea20e1c7242b430f15,9,114,6,0,0,0,0,0,,,,0.05263157894736842,1.5,0.0,,2023-05,Monday,11,5,0.05263157894736842,,0.0
2023-05-07 10:06:00.003,Ролик,Все победители Кубка Испании в 21 веке,https://dzen.ru/media/id/6358cb994fee997bedba5cec/64574cd6117a96727da0cfed,41,175,8,0,0,0,0,0,,,,0.045714285714285714,5.125,0.0,,2023-05,Sunday,10,5,0.045714285714285714,,0.0
2023-05-06 16:47:31.154,Видео,"Последние Трансферы РПЛ #11 • Зенит продает лидеров, ЦСКА покупает Египтянина, Сперцян уйдет летом",https://dzen.ru/media/id/6358cb994fee997bedba5cec/6456535cee01843ac3cf8f43,6748,241749,6654,0,0,16,13,0,,,,0.027524415819713835,1.014126840997896,0.0019264967397747482,,2023-05,Saturday,16,5,0.027524415819713835,,0.0019264967397747482
2023-05-05 23:10:55.124,Ролик,"🇮🇹 Победители Чемпионата Италии в 21 веке Друзья, в этом видео вы узнаете, кто чаще всего побеждал в Чемпионате Италии в 21 веке. Поздравляем Наполи с Чемпионством в 2023 году.",https://dzen.ru/media/id/6358cb994fee997bedba5cec/645561d6f731573512925316,0,23,0,0,0,0,0,0,,,,0.0,,,,2023-05,Friday,23,5,0.0,,
2023-05-02 08:22:16.096,Видео,"Главные события 25 тура РПЛ 2022/2023 • Факел подарил подарок Динамо, ЦСКА будет вторым, Локо пятым",https://dzen.ru/media/id/6358cb994fee997bedba5cec/645098604581986bf4828f47,0,56,1,0,0,0,0,0,,,,0.017857142857142856,0.0,,,2023-05,Tuesday,8,5,0.017857142857142856,0.0,
2023-04-30 16:24:21.435,Видео,Абаскалю нужно менять план на игру • Спартак - Ростов • 25 тур РПЛ,https://dzen.ru/media/id/6358cb994fee997bedba5cec/644e67c60d32d312f297daeb,176,8476,89,0,0,1,0,0,,,,0.010500235960358659,1.9775280898876404,0.0,,2023-04,Sunday,16,4,0.010500235960358659,,0.0
2023-04-20 08:21:03.302,Видео,Акрон - Спартак • Кубок России. Полуфинал Пути Регионов • Спартак размазали,https://dzen.ru/media/id/6358cb994fee997bedba5cec/6440c7948ac6416049ebc393,2,57,0,0,0,0,0,0,,,,0.0,inf,0.0,,2023-04,Thursday,8,4,0.0,,0.0
2023-04-18 09:20:32.551,Видео,"Главные события 23 тура РПЛ 2022/2023 • Лидеры играют скучно, Локомотив стремиться в пятерку",https://dzen.ru/media/id/6358cb994fee997bedba5cec/643e2fdb2cb3212df087e156,19,161,6,0,0,0,0,0,,,,0.037267080745341616,3.1666666666666665,0.0,,2023-04,Tuesday,9,4,0.037267080745341616,,0.0
2023-04-16 13:43:08.864,Видео,Торпедо - Спартак • 23 тур РПЛ • Победа и Судейство,https://dzen.ru/media/id/6358cb994fee997bedba5cec/643bcd065358984e7f64d060,0,37,0,0,0,0,0,0,,,,0.0,,,,2023-04,Sunday,13,4,0.0,,
2023-04-15 07:59:44.876,Видео,"КБ Новости #7 • Матчи, Кризис, Новости, Трансферы, Статистика, Руководство",https://dzen.ru/media/id/6358cb994fee997bedba5cec/6439bbf419c01e7b0b2a9942,0,15,0,0,0,0,0,0,,,,0.0,,,,2023-04,Saturday,7,4,0.0,,
2023-04-09 15:28:24.237,Видео,Спартак - Динамо • 22 тур РПЛ •Снова ошибки мешают победить,https://dzen.ru/media/id/6358cb994fee997bedba5cec/6432aba3a066cc7b68c913e4,6,11,2,0,0,0,0,0,,,,0.18181818181818182,3.0,0.0,,2023-04,Sunday,15,4,0.18181818181818182,,0.0
2023-04-05 08:53:41.302,Видео,Урал - Спартак • Полуфинал Кубка России • Путь РПЛ • Кризис продолжается,https://dzen.ru/media/id/6358cb994fee997bedba5cec/642d04a1a82f5a14806456f0,5,391,6,0,0,0,0,0,,,,0.015345268542199489,0.8333333333333334,0.0,,2023-04,Wednesday,8,4,0.015345268542199489,0.8333333333333334,0.0
2023-04-03 23:44:33.524,Видео,"Главные события 21 тура РПЛ 2022/2023 • Химки и Торпедо вылетают, ЦСКА приближается к тройке",https://dzen.ru/media/id/6358cb994fee997bedba5cec/642b34eb7189436761d45c05,0,20,0,0,0,0,0,0,,,,0.0,,,,2023-04,Monday,23,4,0.0,,
2023-04-02 18:31:33.912,Видео,ЛЕО МЕССИ - 100 голов в составе сборной Аргентины - Футбольная статистика,https://dzen.ru/media/id/6358cb994fee997bedba5cec/64299e6f282bdf49f566bcb8,592,30321,150,0,1,1,0,0,,,,0.004947066389630949,3.9466666666666668,0.0016891891891891893,,2023-04,Sunday,18,4,0.004947066389630949,,0.0016891891891891893
2023-04-02 12:00:45.844,Видео,Почему Спартак потерял очки? • Спартак - Ахмат • 21 тур РПЛ,https://dzen.ru/media/id/6358cb994fee997bedba5cec/64293f939652781eb40410f2,122,7541,53,0,0,0,0,0,,,,0.007028245590770455,2.30188679245283,0.0,,2023-04,Sunday,12,4,0.007028245590770455,,0.0
2023-03-27 23:29:48.539,Видео,Суперкубок Испании - Все победители - 1940-2023,https://dzen.ru/media/id/6358cb994fee997bedba5cec/6421fa41d9d4fb47f6d56fdd,44,317,28,0,0,0,0,0,,,,0.08832807570977919,1.5714285714285714,0.0,,2023-03,Monday,23,3,0.08832807570977919,,0.0
2023-03-27 00:50:16.127,Видео,"Россия - Ирак • Товарищеский матч • Что-то новое, победа и местами ХОРОШАЯ игра",https://dzen.ru/media/id/6358cb994fee997bedba5cec/6420b6834d92d149eac57157,346,23364,284,0,0,0,0,0,,,,0.012155452833418935,1.2183098591549295,0.0,,2023-03,Monday,0,3,0.012155452833418935,,0.0
2023-03-26 12:36:25.910,Ролик,Суперкубок Испании - все победители в 21 веке. Футбольная статистика,https://dzen.ru/media/id/6358cb994fee997bedba5cec/642010010d83060e0c8d3f10,204,717,45,0,0,0,0,0,,,,0.06276150627615062,4.533333333333333,0.0,,2023-03,Sunday,12,3,0.06276150627615062,,0.0
2023-03-24 00:53:40.601,Видео,Сборная России сыграла в ничью с Ираном • Товарищеский матч Иран - Россия 1-1,https://dzen.ru/media/id/6358cb994fee997bedba5cec/641cc6047d8ccd2ea9302240,25,139,17,0,0,0,0,0,,,,0.1223021582733813,1.4705882352941178,0.0,,2023-03,Friday,0,3,0.1223021582733813,,0.0
2023-03-21 01:27:13.886,Видео,"Новости РПЛ №10 • Сборная России, состав и матчи • Еще один уголовник в РПЛ • НН ждут санкции",https://dzen.ru/media/id/6358cb994fee997bedba5cec/6418d7c5deafc31c2738ba0c,8,95,8,0,0,1,0,0,,,,0.08421052631578947,1.0,0.0,,2023-03,Tuesday,1,3,0.08421052631578947,1.0,0.0
2023-03-20 08:45:20.057,Видео,"Главные события 20 тура РПЛ 2022/2023 • Ростов второй, ЦСКА грохнул Зенит, волевой Локомотив",https://dzen.ru/media/id/6358cb994fee997bedba5cec/6417eaac9eb89c7edac86006,6,94,1,0,0,0,0,0,,,,0.010638297872340425,6.0,0.0,,2023-03,Monday,8,3,0.010638297872340425,,0.0
2023-03-18 22:04:19.789,Видео,Спартак уничтожили • Оренбург - Спартак • 20 тур РПЛ,https://dzen.ru/media/id/6358cb994fee997bedba5cec/64160608e9636d03f83ae73e,5,46,10,0,0,0,0,0,,,,0.21739130434782608,0.5,0.0,,2023-03,Saturday,22,3,0.21739130434782608,0.5,0.0
2023-03-16 22:02:58.488,Видео,Все победители Кубка Португальской Лиги по футболу 2007 - 2023,https://dzen.ru/media/id/6358cb994fee997bedba5cec/641366bf56f7e838e537a5b3,1,5,1,0,0,0,0,0,,,,0.2,1.0,0.0,,2023-03,Thursday,22,3,0.2,1.0,0.0
2023-03-15 08:40:55.611,Видео,Спартак снова сыграл вничью с Уралом • Спартак - Ура • Полуфинал Кубка России,https://dzen.ru/media/id/6358cb994fee997bedba5cec/6411580eb688553fcecb47fe,1,8,0,0,0,0,0,0,,,,0.0,inf,0.0,,2023-03,Wednesday,8,3,0.0,,0.0
2023-03-14 09:17:15.329,Видео,"Главные события 19 тура РПЛ 2022/2023 • Героическая победа Локо, Спартак и Зенит - похожий сценарий",https://dzen.ru/media/id/6358cb994fee997bedba5cec/64100ada4fb6cf741319e5c4,0,81,3,0,0,0,0,0,,,,0.037037037037037035,0.0,,,2023-03,Tuesday,9,3,0.037037037037037035,0.0,
2023-03-12 13:11:51.138,Видео,Контроль. Ошибки. Победа • Спартак - Факел • 19 Тур РПЛ 22/23,https://dzen.ru/media/id/6358cb994fee997bedba5cec/640d9ef4352af862c4a9a194,0,20,0,0,0,0,0,0,,,,0.0,,,,2023-03,Sunday,13,3,0.0,,
2023-03-10 21:22:11.739,Видео,Кубок Английской футбольной лиги • Все победители 1960-2023 • Футбольная статистика,https://dzen.ru/media/id/6358cb994fee997bedba5cec/640b7192659b4335ee0e893b,300,8709,144,0,0,1,1,0,,,,0.0165346193592835,2.0833333333333335,0.0033333333333333335,,2023-03,Friday,21,3,0.0165346193592835,,0.0033333333333333335
2023-03-07 09:02:56.898,Видео,"18 тур РПЛ 2022/2023 • Итоги тура • Зенит отрывается, Локо хочет покинуть зону стыков, Сочи и ЦСКА",https://dzen.ru/media/id/6358cb994fee997bedba5cec/6406cc3175a11b7bd6843ab7,1,27,0,0,0,0,0,0,,,,0.0,inf,0.0,,2023-03,Tuesday,9,3,0.0,,0.0
2023-03-05 15:30:21.138,Видео,Главные причины потери очков • Спартак - Урал • 18 Тур РПЛ 22/23,https://dzen.ru/media/id/6358cb994fee997bedba5cec/640488aa9949f4747dda9868,323,11916,153,0,0,0,0,0,,,,0.01283987915407855,2.111111111111111,0.0,,2023-03,Sunday,15,3,0.01283987915407855,,0.0
2023-03-03 22:27:06.485,Ролик,Все победители Кубка Английской Лиги в 21 веке,https://dzen.ru/media/id/6358cb994fee997bedba5cec/6402497dac6bb05ee296b5e8,0,23,0,0,0,0,0,0,,,,0.0,,,,2023-03,Friday,22,3,0.0,,
2023-03-01 21:44:26.028,Видео,Клубный Чемпионат Мира + Межконтинентальный кубок • Все победители 1960-2022,https://dzen.ru/media/id/6358cb994fee997bedba5cec/63ff9bb0bba641569049fc65,24,313,20,0,0,0,0,0,,,,0.06389776357827476,1.2,0.0,,2023-03,Wednesday,21,3,0.06389776357827476,,0.0
2023-02-28 09:03:49.054,Видео,Спартак был ЛУЧШЕ Локомотива • Спартак - Локомотив • 1/4 Кубка России,https://dzen.ru/media/id/6358cb994fee997bedba5cec/63fd94b55003113bb6470673,1,16,0,0,0,0,0,0,,,,0.0,inf,0.0,,2023-02,Tuesday,9,2,0.0,,0.0
2023-02-27 09:00:01.744,Ролик,Клубный чемпионат мира по футболу - Все победители 2000 - 2022,https://dzen.ru/media/id/6358cb994fee997bedba5cec/63fb70ba1e751c186b32f9d5,13,118,6,0,0,0,0,0,,,,0.05084745762711865,2.1666666666666665,0.0,,2023-02,Monday,9,2,0.05084745762711865,,0.0
2023-02-26 10:52:39.051,Видео,Последние Трансферы РПЛ #9 + Итоги трансферного окна,https://dzen.ru/media/id/6358cb994fee997bedba5cec/63fb0de272051e06a10f0bc6,0,36,0,0,0,0,0,0,,,,0.0,,,,2023-02,Sunday,10,2,0.0,,
2023-02-23 15:12:59.081,Видео,Локомотив - Спартак • 1/4 финала Кубка России • 11 Россиян в старте Спартака и два разных тайма,https://dzen.ru/media/id/6358cb994fee997bedba5cec/63f7538a3876d93b6f5ec6bf,5,60,4,0,0,0,0,0,,,,0.06666666666666667,1.25,0.0,,2023-02,Thursday,15,2,0.06666666666666667,,0.0
2023-02-21 08:28:05.912,Видео,"Последние Трансферы РПЛ #8 • ТОРПЕДО усиливает нападение, ФАЛЬКАО к нам не поедет",https://dzen.ru/media/id/6358cb994fee997bedba5cec/63f44ecf37e2d45cd6312df8,3,28,2,0,0,0,0,0,,,,0.07142857142857142,1.5,0.0,,2023-02,Tuesday,8,2,0.07142857142857142,,0.0
2023-02-19 16:37:44.710,Видео,Перед матчем Локомотив - Спартак • 1/4 Кубка России по футболу,https://dzen.ru/media/id/6358cb994fee997bedba5cec/63f224a9b0dc892d68d0bd33,9,346,9,0,0,0,0,0,,,,0.02601156069364162,1.0,0.0,,2023-02,Sunday,16,2,0.02601156069364162,1.0,0.0
2023-02-14 09:25:37.882,Видео,"Трансферы РПЛ #7 • Химки подписали 10 футболистов, ЦСКА ищет нападающего",https://dzen.ru/media/id/6358cb994fee997bedba5cec/63eb2179aa1287199058ac42,6,33,7,0,0,0,0,0,,,,0.21212121212121213,0.8571428571428571,0.0,,2023-02,Tuesday,9,2,0.21212121212121213,0.8571428571428571,0.0
2023-02-13 08:31:03.156,Видео,"КБ Новости #6 • Спартак новости и трансферы • Второй сбор, победа в зимнем кубке",https://dzen.ru/media/id/6358cb994fee997bedba5cec/63e9c9820f6a493918aea5b0,0,21,0,0,0,0,0,0,,,,0.0,,,,2023-02,Monday,8,2,0.0,,
2023-02-10 09:18:08.775,Видео,"Трансферы РПЛ #6 • Мощные закупки Факела и Химок, Локомотив подписал перспективных футболистов",https://dzen.ru/media/id/6358cb994fee997bedba5cec/63e5ddb77ab9006fac48ac5b,19,350,16,0,0,0,0,0,,,,0.045714285714285714,1.1875,0.0,,2023-02,Friday,9,2,0.045714285714285714,,0.0
2023-02-06 08:47:51.646,Видео,Трансферы АПЛ #4 • Все трансферы в последний день зимнего трансферного окна в АПЛ,https://dzen.ru/media/id/6358cb994fee997bedba5cec/63e08972dc0e2014edf00027,0,38,1,0,0,0,0,0,,,,0.02631578947368421,0.0,,,2023-02,Monday,8,2,0.02631578947368421,0.0,
2023-02-03 08:43:46.523,Видео,"Трансферы РПЛ #5 • ЦСКА ищет нападающего, Азмун может вернутся в РПЛ, Локомотив продолжает чистку",https://dzen.ru/media/id/6358cb994fee997bedba5cec/63dc9491ac947d0b4b748f26,0,28,0,0,0,0,0,0,,,,0.0,,,,2023-02,Friday,8,2,0.0,,
2023-01-31 06:00:05.597,Видео,Лучшие бомбардиры в России за 2022 год,https://dzen.ru/media/id/6358cb994fee997bedba5cec/63d8151dd02c4f5b1b43def2,42,2790,17,0,0,0,0,0,,,,0.0060931899641577065,2.4705882352941178,0.0,,2023-01,Tuesday,6,1,0.0060931899641577065,,0.0
2023-01-30 00:01:43.358,Видео,КБ Новости #5 • Спартак. Новости и Трансферы • Первый сбор - АГМК и Ботев,https://dzen.ru/media/id/6358cb994fee997bedba5cec/63d6d7b042bca674032e65a7,0,6,0,0,0,0,0,0,,,,0.0,,,,2023-01,Monday,0,1,0.0,,
2023-01-28 16:20:56.134,Видео,"Трансферы АПЛ #3 • Активный Арсенал, Челси продолжает кидаться деньгами, перехват Тоттенхэма",https://dzen.ru/media/id/6358cb994fee997bedba5cec/63d51b3b1522912fd2d5d6ce,1,23,0,0,0,0,0,0,,,,0.0,inf,0.0,,2023-01,Saturday,16,1,0.0,,0.0
2023-01-25 22:21:23.383,Видео,Трансферы РПЛ #4 • Последние новости и трансферы в Российском футболе,https://dzen.ru/media/id/6358cb994fee997bedba5cec/63d1799900b242106a179a32,4,175,5,0,0,0,0,0,,,,0.02857142857142857,0.8,0.0,,2023-01,Wednesday,22,1,0.02857142857142857,0.8,0.0
2023-01-18 09:03:06.712,Видео,КБ Новости #4 • Спартак. Новости и Трансферы • Два новых футболиста,https://dzen.ru/media/id/6358cb994fee997bedba5cec/63c7840bf3bdcb250dae0d01,0,18,0,0,0,0,0,0,,,,0.0,,,,2023-01,Wednesday,9,1,0.0,,
2023-01-15 21:53:19.738,Видео,Трансферы АПЛ #2 • Последние новости и трансферы в Английской Премьер Лиге,https://dzen.ru/media/id/6358cb994fee997bedba5cec/63c443e5b51cb90ec6242a76,0,26,1,0,0,0,0,0,,,,0.038461538461538464,0.0,,,2023-01,Sunday,21,1,0.038461538461538464,0.0,
2023-01-09 08:47:18.870,Видео,Трансферы РПЛ #3 • Последние новости и трансферы в Российском футболе,https://dzen.ru/media/id/6358cb994fee997bedba5cec/63bba03f8a0b0e3acda2057e,1,39,0,0,0,0,0,0,,,,0.0,inf,0.0,,2023-01,Monday,8,1,0.0,,0.0
2023-01-03 15:58:26.123,Видео,КБ Новости #3 • Спартак. Новости и Трансферы • Спартак ищет защитников,https://dzen.ru/media/id/6358cb994fee997bedba5cec/63b41eb39bd13619e22b5bbf,4,117,5,0,0,0,0,0,,,,0.042735042735042736,0.8,0.0,,2023-01,Tuesday,15,1,0.042735042735042736,0.8,0.0
2023-01-02 12:48:16.493,Видео,Чемпионат Мира по футболу - Все победители 1930 - 2022,https://dzen.ru/media/id/6358cb994fee997bedba5cec/63b2a6733b9b497c5d931f12,613,10268,207,0,0,0,0,0,,,,0.02015971951694585,2.9613526570048307,0.0,,2023-01,Monday,12,1,0.02015971951694585,,0.0
2023-01-01 20:37:46.936,Видео,Трансферы АПЛ #1 • Последние новости и трансферы в Английской Премьер Лиге,https://dzen.ru/media/id/6358cb994fee997bedba5cec/63b1bd780f646d4b9ac638ba,1,33,1,0,0,0,0,0,,,,0.030303030303030304,1.0,0.0,,2023-01,Sunday,20,1,0.030303030303030304,1.0,0.0
2022-12-31 08:00:17.202,Видео,Будущее Спартака - Павел Мелёшин,https://dzen.ru/media/id/6358cb994fee997bedba5cec/63af25020f646d4b9a971396,57,5103,21,0,0,0,0,0,,,,0.00411522633744856,2.7142857142857144,0.0,,2022-12,Saturday,8,12,0.00411522633744856,,0.0
2022-12-30 14:41:04.449,Видео,Трансферы РПЛ #2 • Последние новости и трансферы в Российском футболе,https://dzen.ru/media/id/6358cb994fee997bedba5cec/63aec15a1129ca2e2c8822d2,0,63,0,0,0,0,0,0,,,,0.0,,,,2022-12,Friday,14,12,0.0,,
2022-12-29 23:34:19.544,Видео,Итоговая таблица Чемпионата Италии по футбола за 2022 год,https://dzen.ru/media/id/6358cb994fee997bedba5cec/63ac253e0529cb1d8f1a9756,316,5877,305,0,0,0,0,0,,,,0.051897226476093246,1.0360655737704918,0.0,,2022-12,Thursday,23,12,0.051897226476093246,,0.0
2022-12-28 16:00:05.015,Видео,Итоговая таблица Чемпионата Мира 2022,https://dzen.ru/media/id/6358cb994fee997bedba5cec/63ac2491c01c102370ad23d9,37,327,14,0,0,0,0,0,,,,0.04281345565749235,2.642857142857143,0.0,,2022-12,Wednesday,16,12,0.04281345565749235,,0.0
2022-12-25 01:20:13.001,Видео,Российский футбольный союза планирует перейти из Европы в Азию • Новости футбола,https://dzen.ru/media/id/6358cb994fee997bedba5cec/63a7753ba2dd226fde52cc1b,27,385,14,0,0,0,0,0,,,,0.03636363636363636,1.9285714285714286,0.0,,2022-12,Sunday,1,12,0.03636363636363636,,0.0
2022-12-23 08:32:12.218,Видео,КБ Новости #2 • Спартак. Новости и Трансферы • Спартак хочет купить БАЛЛАСТ,https://dzen.ru/media/id/6358cb994fee997bedba5cec/63a539320d8f4149b5675801,0,6,2,0,0,0,0,0,,,,0.3333333333333333,0.0,,,2022-12,Friday,8,12,0.3333333333333333,0.0,
2022-12-19 04:14:26.345,Видео,Аргентина - Франция • ФИНАЛ ЧМ 2022 • Аргентина ЧЕМПИОН!,https://dzen.ru/media/id/6358cb994fee997bedba5cec/639fb6bbae8e537693869435,7459,158997,7489,0,1,13,35,0,,,,0.04710151763869758,0.9959941247162505,0.004826384233811503,,2022-12,Monday,4,12,0.04710151763869758,0.9959941247162505,0.004826384233811503
2022-12-18 05:59:52.747,Видео,Хорватия - Марокко • Матч за 3-е место на ЧМ 2022 • Хорватия заслуженно забирает БРОНЗУ,https://dzen.ru/media/id/6358cb994fee997bedba5cec/639e34887cc2ea40d78c4e26,8,95,5,0,0,0,0,0,,,,0.05263157894736842,1.6,0.0,,2022-12,Sunday,5,12,0.05263157894736842,,0.0
2022-12-17 17:24:10.832,Видео,Трансферы РПЛ #1 • Новости и трансферы за три недели паузы в Российском футболе,https://dzen.ru/media/id/6358cb994fee997bedba5cec/639dc7e3b104183f979edca6,6,54,0,0,0,0,0,0,,,,0.0,inf,0.0,,2022-12,Saturday,17,12,0.0,,0.0
2022-12-17 05:59:48.286,Видео,Турнирная таблица РПЛ за 2022 год,https://dzen.ru/media/id/6358cb994fee997bedba5cec/639b1e8343447d0bb34fa813,375,3876,230,0,0,0,0,0,,,,0.05933952528379773,1.6304347826086956,0.0,,2022-12,Saturday,5,12,0.05933952528379773,,0.0
2022-12-16 05:59:44.555,Видео,Трансферная стоимость всех команда на Чемпионате Мира 2022,https://dzen.ru/media/id/6358cb994fee997bedba5cec/639b0cff683adf12e936f0ca,2,54,1,0,0,0,0,0,,,,0.018518518518518517,2.0,0.0,,2022-12,Friday,5,12,0.018518518518518517,,0.0
2022-12-15 09:10:23.516,Видео,Франция - Марокко • полуфинал ЧМ 2022 • Франция идет за вторым ТИТУЛОМ,https://dzen.ru/media/id/6358cb994fee997bedba5cec/639ab39858e4577e9c861eb4,90,783,70,0,1,0,1,0,,,,0.08939974457215837,1.2857142857142858,0.022222222222222223,,2022-12,Thursday,9,12,0.08939974457215837,,0.022222222222222223
2022-12-14 09:03:19.816,Видео,Аргентина - Хорватия • 1/2 финала ЧМ 2022 • Аргентину ждет ФИНАЛ,https://dzen.ru/media/id/6358cb994fee997bedba5cec/6399629a6456d7352bc72b5c,4,31,9,0,0,0,0,0,,,,0.2903225806451613,0.4444444444444444,0.0,,2022-12,Wednesday,9,12,0.2903225806451613,0.4444444444444444,0.0
2022-12-12 09:14:00.008,Видео,КБ Новости #1 • Спартак. Новости и трансферы за две недели паузы в Российском футболе,https://dzen.ru/media/id/6358cb994fee997bedba5cec/6396c42d66436608ea2ccc6f,5,41,5,0,0,0,0,0,,,,0.12195121951219512,1.0,0.0,,2022-12,Monday,9,12,0.12195121951219512,1.0,0.0
2022-12-11 14:00:43.185,Видео,Марокко - Португалия / Англия - Франция • 1/4 финала ЧМ 2022,https://dzen.ru/media/id/6358cb994fee997bedba5cec/6395b31e66f39b3a68302b7a,154,7220,67,0,0,0,0,0,,,,0.0092797783933518,2.298507462686567,0.0,,2022-12,Sunday,14,12,0.0092797783933518,,0.0
2022-12-10 10:59:48.114,Видео,НИДЕРЛАНДЫ - АРГЕНТИНА / ХОРВАТИЯ - БРАЗИЛИЯ • 1/4 финала ЧМ 2022,https://dzen.ru/media/id/6358cb994fee997bedba5cec/63943657db73347319b4ad20,10,55,13,0,0,0,0,0,,,,0.23636363636363636,0.7692307692307693,0.0,,2022-12,Saturday,10,12,0.23636363636363636,0.7692307692307693,0.0
2022-12-07 09:04:55.346,Видео,МАРОККО - ИСПАНИЯ / ПОРТУГАЛИЯ - ШВЕЙЦАРИЯ • 17-й день ЧМ 2022 • 1/8 финала Чемпионата Мира 2022,https://dzen.ru/media/id/6358cb994fee997bedba5cec/63902445b65d0300c7f56f0f,11,195,10,0,0,0,0,0,,,,0.05128205128205128,1.1,0.0,,2022-12,Wednesday,9,12,0.05128205128205128,,0.0
2022-12-06 09:14:02.311,Видео,БРАЗИЛИЯ - ЮЖНАЯ КОРЕЯ / ЯПОНИЯ - ХОРВАТИЯ • 16-й день ЧМ 2022 • 1/8 финала Чемпионата Мира в Катаре,https://dzen.ru/media/id/6358cb994fee997bedba5cec/638ed51abfcbb6654ca685a7,969,64848,704,0,0,1,3,0,,,,0.01085615593387614,1.3764204545454546,0.0030959752321981426,,2022-12,Tuesday,9,12,0.01085615593387614,,0.0030959752321981426
2022-12-05 04:32:50.603,Видео,ФРАНЦИЯ - ПОЛЬША / АНГЛИЯ - СЕНЕГАЛ • 15-й день ЧМ 2022 • 1/8 финала ЧМ,https://dzen.ru/media/id/6358cb994fee997bedba5cec/638d453c16010a3030053f13,9,216,6,0,0,0,0,0,,,,0.027777777777777776,1.5,0.0,,2022-12,Monday,4,12,0.027777777777777776,,0.0
2022-12-04 13:56:09.486,Видео,АРГЕНТИНА - АВСТРАЛИЯ / НИДЕРЛАНДЫ - США • 14-й день ЧМ 2022 • 1/8 финала ЧМ,https://dzen.ru/media/id/6358cb994fee997bedba5cec/638c770eb3f1ae485da9d8f3,14,287,5,0,0,0,0,0,,,,0.017421602787456445,2.8,0.0,,2022-12,Sunday,13,12,0.017421602787456445,,0.0
2022-12-03 13:17:49.724,Видео,13-й день ЧМ 2022 • Группы G и H. Итоги • Дырявые Сербы и Драма Уругвая,https://dzen.ru/media/id/6358cb994fee997bedba5cec/638b1b1b2f542c45759a5afa,945,66665,380,0,0,2,0,0,,,,0.005700142503562589,2.486842105263158,0.0,,2022-12,Saturday,13,12,0.005700142503562589,,0.0
2022-12-02 11:55:22.279,Видео,12-й день ЧМ 2022 • Группы E и F. Итоги • Испания слила матч. Две ТОП команды вылетают,https://dzen.ru/media/id/6358cb994fee997bedba5cec/638993c821527962f3d0510a,1074,71321,788,0,0,0,1,0,,,,0.011048639250711572,1.3629441624365481,0.000931098696461825,,2022-12,Friday,11,12,0.011048639250711572,,0.000931098696461825
2022-12-01 11:10:09.983,Видео,"Чемпионат Мира 2022 • Итоги в Группах C и D • Скучные Поляки вышли в плей-офф, но их ждет вылет",https://dzen.ru/media/id/6358cb994fee997bedba5cec/638843a50b3967175b7645a5,23,221,7,0,0,0,0,0,,,,0.03167420814479638,3.2857142857142856,0.0,,2022-12,Thursday,11,12,0.03167420814479638,,0.0
2022-11-30 09:19:48.994,Видео,Чемпионат Мира 2022 • Итоги в Группах A и B • Известны первые участники 1/8 финала,https://dzen.ru/media/id/6358cb994fee997bedba5cec/6386edada395d778531a9aff,2,64,2,0,0,0,0,0,,,,0.03125,1.0,0.0,,2022-11,Wednesday,9,11,0.03125,1.0,0.0
2022-11-29 09:12:59.211,Видео,Обзор 9 Дня ЧМ • ЧМ 2022 • Абубакар уничтожил Сербов / у Роналду забрали гол / КУДУС и Корея,https://dzen.ru/media/id/6358cb994fee997bedba5cec/63859bc3310a03758de3c9d6,78,1908,66,0,0,0,0,0,,,,0.03459119496855346,1.1818181818181819,0.0,,2022-11,Tuesday,9,11,0.03459119496855346,,0.0
2022-11-28 10:00:18.899,Видео,Испания - Германия и другие • Чемпионат Мира 2022 • Обзор 8 тура ЧМ,https://dzen.ru/media/id/6358cb994fee997bedba5cec/6383f7cab3103e3914f85de4,21,222,2,0,0,0,0,0,,,,0.009009009009009009,10.5,0.0,,2022-11,Monday,10,11,0.009009009009009009,,0.0
2022-11-27 21:00:25.325,Видео,"Зенит - Спартак • Кубок России Путь РПЛ • 6 тур, Группа B • Спартак навалял Зениту",https://dzen.ru/media/id/6358cb994fee997bedba5cec/6383a1c0fa89d44a29276f24,0,23,2,0,0,0,0,0,,,,0.08695652173913043,0.0,,,2022-11,Sunday,21,11,0.08695652173913043,0.0,
2022-11-25 08:51:04.228,Видео,Обзор 5 Дня ЧМ • Чемпионат Мира 2022 • Поражение Сербов / Рекорд Роналду / Камерунец забил Камеруну,https://dzen.ru/media/id/6358cb994fee997bedba5cec/638055e963532a0c6b2e50b4,1046,60264,600,0,0,0,1,0,,,,0.009956192751891677,1.7433333333333334,0.0009560229445506692,,2022-11,Friday,8,11,0.009956192751891677,,0.0009560229445506692
2022-11-24 09:53:47.093,Видео,Обзор 4 дня • Чемпионат Мира 2022 • Доминирование Испании / Сенсация Германии / Самый скучный матч,https://dzen.ru/media/id/6358cb994fee997bedba5cec/637f0f8d19398772ed465b54,598,16406,762,0,0,1,2,0,,,,0.04644642204071681,0.7847769028871391,0.0033444816053511705,,2022-11,Thursday,9,11,0.04644642204071681,0.7847769028871391,0.0033444816053511705
2022-11-24 09:25:36.065,Видео,"Крылья Советов - Спартак • Кубок России Путь РПЛ • 5 тур, Группа B • Возрождение интриги",https://dzen.ru/media/id/6358cb994fee997bedba5cec/637ef6a4eb1ad13e4f0cd53a,10,278,5,0,0,0,0,0,,,,0.017985611510791366,2.0,0.0,,2022-11,Thursday,9,11,0.017985611510791366,,0.0
2022-11-23 02:59:24.137,Видео,Обзор 3 дня Чемпионата Мира 2022 • Аргентина / Очоа / Левандовски / Саудовская Аравия,https://dzen.ru/media/id/6358cb994fee997bedba5cec/637d597f40447b0974b5fa03,712,59300,80,0,0,1,1,0,,,,0.0013490725126475548,8.9,0.0014044943820224719,,2022-11,Wednesday,2,11,0.0013490725126475548,,0.0014044943820224719
2022-11-22 02:57:51.310,Видео,Англия - Иран / Сенегал - Нидерланды • Чемпионат Мира 2022 • День 2,https://dzen.ru/media/id/6358cb994fee997bedba5cec/637c07553f90770f9e6db65e,1,40,0,0,0,0,0,0,,,,0.0,inf,0.0,,2022-11,Tuesday,2,11,0.0,,0.0
2022-11-21 01:27:21.476,Видео,КАТАР - ЭКВАДОР • Чемпионат Мира 2022 • День 1 • Чемпион Азии УЖАСЕН,https://dzen.ru/media/id/6358cb994fee997bedba5cec/637aa87e63c66c6acb2cc695,26,716,20,0,0,0,0,0,,,,0.027932960893854747,1.3,0.0,,2022-11,Monday,1,11,0.027932960893854747,,0.0
2022-11-20 21:31:28.362,Видео,Группа H: Кто ПРОЙДЕТ дальше? Чемпионат Мира 2022,https://dzen.ru/media/id/6358cb994fee997bedba5cec/637a5f8fbe4db8003066dca8,787,63923,380,0,0,0,2,0,,,,0.005944652159629554,2.0710526315789473,0.0025412960609911056,,2022-11,Sunday,21,11,0.005944652159629554,,0.0025412960609911056
2022-11-19 15:27:25.995,Видео,Группа G: Кто ПРОЙДЕТ дальше? Чемпионат Мира 2022,https://dzen.ru/media/id/6358cb994fee997bedba5cec/6378c5fa813eca692cbcab1d,2,45,1,0,0,0,0,0,,,,0.022222222222222223,2.0,0.0,,2022-11,Saturday,15,11,0.022222222222222223,,0.0
2022-11-18 09:03:28.634,Видео,Группа F: Кто ПРОЙДЕТ дальше? Чемпионат Мира 2022,https://dzen.ru/media/id/6358cb994fee997bedba5cec/63771ef4d7e0783d25030123,7,63,2,0,0,0,0,0,,,,0.031746031746031744,3.5,0.0,,2022-11,Friday,9,11,0.031746031746031744,,0.0
2022-11-16 23:45:57.092,Видео,Кто ПРОЙДЕТ дальше? • Чемпионат Мира 2022 Группа E,https://dzen.ru/media/id/6358cb994fee997bedba5cec/63754697d7e0783d25fe2cbd,551,53462,168,0,0,2,1,0,,,,0.0031424189143690845,3.2797619047619047,0.0018148820326678765,,2022-11,Wednesday,23,11,0.0031424189143690845,,0.0018148820326678765
2022-11-15 01:03:25.815,Видео,Кто ПРОЙДЕТ дальше? • Чемпионат Мира 2022 Группа D,https://dzen.ru/media/id/6358cb994fee997bedba5cec/6372b07cdfe50742fbcf5527,1,13,0,0,0,0,0,0,,,,0.0,inf,0.0,,2022-11,Tuesday,1,11,0.0,,0.0
2022-11-14 09:08:52.210,Видео,17 тур РПЛ 2022/2023 • Итоги СЕМНАДЦАТОГО тура Российской Премьер Лиги,https://dzen.ru/media/id/6358cb994fee997bedba5cec/6371d9ba225e0134edfb5ea7,32,455,20,0,0,0,0,0,,,,0.04395604395604396,1.6,0.0,,2022-11,Monday,9,11,0.04395604395604396,,0.0
2022-11-13 03:01:52.349,Видео,Локомотив - Спартак • 17 Тур РПЛ 22/23 • Нервная концовка,https://dzen.ru/media/id/6358cb994fee997bedba5cec/63702ecf29a7c82ebccb20d2,3,28,2,0,0,0,0,0,,,,0.07142857142857142,1.5,0.0,,2022-11,Sunday,3,11,0.07142857142857142,,0.0
2022-11-10 10:00:17.620,Видео,Кто выйдет из Группы С? • Чемпионат мира по футболу 2022 в Катаре,https://dzen.ru/media/id/6358cb994fee997bedba5cec/636ae91895b3da6d441a25be,3,186,2,0,0,0,0,0,,,,0.010752688172043012,1.5,0.0,,2022-11,Thursday,10,11,0.010752688172043012,,0.0
2022-11-07 08:44:59.317,Видео,16 тур РПЛ 2022/2023 • Итоги ШЕСТНАДЦАТОГО тура Российской Премьер Лиги,https://dzen.ru/media/id/6358cb994fee997bedba5cec/636895437e4b2a31fa3bd86e,9,229,13,0,0,0,0,0,,,,0.056768558951965066,0.6923076923076923,0.0,,2022-11,Monday,8,11,0.056768558951965066,0.6923076923076923,0.0
2022-11-05 22:22:09.928,Видео,Сочи - Спартак • 16 Тур РПЛ 22/23 • Самый скучный матч года,https://dzen.ru/media/id/6358cb994fee997bedba5cec/6366b2b9db29c463d8dce76f,7,189,4,0,0,0,0,0,,,,0.021164021164021163,1.75,0.0,,2022-11,Saturday,22,11,0.021164021164021163,,0.0
2022-11-05 00:18:08.769,Видео,Кто выйдет из Группы B? • Чемпионат мира по футболу 2022 в Катаре,https://dzen.ru/media/id/6358cb994fee997bedba5cec/63657fb9f7ef090788143b1d,2,192,3,0,0,0,0,0,,,,0.015625,0.6666666666666666,0.0,,2022-11,Saturday,0,11,0.015625,0.6666666666666666,0.0
2022-11-03 07:48:03.983,Видео,ГРУППА А • Чемпионат мира по футболу 2022 в Катаре,https://dzen.ru/media/id/6358cb994fee997bedba5cec/63633f72218d250c58ae2797,20,372,10,0,0,0,0,0,,,,0.026881720430107527,2.0,0.0,,2022-11,Thursday,7,11,0.026881720430107527,,0.0
2022-11-01 08:33:49.657,Видео,15 тур РПЛ 2022/2023 • Итоги ПЯТНАДЦАТОГО тура Российской Премьер Лиги,https://dzen.ru/media/id/6358cb994fee997bedba5cec/6360ad8163d4707849281839,15,366,8,0,0,0,0,0,,,,0.02185792349726776,1.875,0.0,,2022-11,Tuesday,8,11,0.02185792349726776,,0.0
2022-10-31 00:24:31.204,Видео,СПАРТАК - ТОРПЕДО • 15 ТУР РПЛ 22/23 • Тяжелая победа Спартака,https://dzen.ru/media/id/6358cb994fee997bedba5cec/635eea385448e011f1c6e909,8,108,3,0,0,0,0,0,,,,0.027777777777777776,2.6666666666666665,0.0,,2022-10,Monday,0,10,0.027777777777777776,,0.0
2022-10-29 15:20:27.612,Видео,Чемпионат Мира по футболу 2022 в Катаре • Общая информация,https://dzen.ru/media/id/6358cb994fee997bedba5cec/635d14b043ae4a7daf63550f,7,231,3,0,0,0,0,0,,,,0.012987012987012988,2.3333333333333335,0.0,,2022-10,Saturday,15,10,0.012987012987012988,,0.0
2022-10-27 00:59:55.559,Видео,14 тур РПЛ 2022/2023 • Итоги ЧЕТЫРНАДЦАТОГО тура Российской Премьер Лиги,https://dzen.ru/media/id/6358cb994fee997bedba5cec/6359758097456522f08a82e4,518,13288,530,0,0,0,0,0,,,,0.03988561107766406,0.9773584905660377,0.0,,2022-10,Thursday,0,10,0.03988561107766406,0.9773584905660377,0.0
2022-10-26 08:56:13.449,Видео,"О матче Спартак - Химки • ""Бедные Химочки"" • 14 ТУР РПЛ 22/23",https://dzen.ru/media/id/6358cb994fee997bedba5cec/6358cbb9efb05a5430f30c6c,1,7,1,0,0,0,0,0,,,,0.14285714285714285,1.0,0.0,,2022-10,Wednesday,8,10,0.14285714285714285,1.0,0.0
